station_j,station_k,dist,n_days,agree,agree_indep
ALACANT/ALICANTE,AMARANTE,722.4169965750731,8060,0.6660049627791563,0.6466961906869363
ALACANT/ALICANTE,ARANJUEZ,323.4013395002759,10213,0.8330559091354156,0.7665701677914128
ALACANT/ALICANTE,BARCELOS,776.0798722095955,7826,0.6456682852031689,0.6358133009290048
ALACANT/ALICANTE,BEJA,645.2484958319031,10779,0.7805918916411541,0.7417813308258872
ALACANT/ALICANTE,BRAGANCA,654.0074821361715,10779,0.7038686334539382,0.6891667355769133
ALACANT/ALICANTE,CADIZ,549.7244310931843,12962,0.8322789692948619,0.7758154317637074
ALACANT/ALICANTE,CAMPDEVANOL,483.90656470772444,13320,0.7493993993993994,0.6848553515882747
ALACANT/ALICANTE,CUENCA,235.359069323701,13840,0.8075867052023121,0.725622866435573
ALACANT/ALICANTE,DAROCA,314.74959747928835,13459,0.7979790474775244,0.7255352712311791
ALACANT/ALICANTE,EXTREMO,785.917196969032,7562,0.6179582121131976,0.6122807019113724
ALACANT/ALICANTE,GETAFE,350.6111409533631,13621,0.8267381249541149,0.7594956808574375
ALACANT/ALICANTE,LORCA,131.50609021423713,13742,0.9179158783292097,0.8156531525475574
ALACANT/ALICANTE,MONTSERRAT,409.6572976142475,13744,0.8237048894062864,0.7505107250036427
ALACANT/ALICANTE,OURENSE,762.920366146825,13083,0.6640678743407475,0.6518033393988831
ALACANT/ALICANTE,OVIEDO,714.7849823242314,13417,0.6030409182380562,0.5797784130183298
ALACANT/ALICANTE,PAMPLONA,503.62547941199756,12358,0.6828774882667098,0.655525980855892
ALACANT/ALICANTE,PONFERRADA,695.3522209424913,13349,0.6828975953254925,0.6683916508673075
ALACANT/ALICANTE,PORTO,767.6557535721732,10779,0.6534929028666853,0.6551587200270033
ALACANT/ALICANTE,SORIA,414.431919387457,13182,0.7423001062054316,0.6899657040219825
ALACANT/ALICANTE,TARIFA,522.5995432683703,13072,0.8329253365973073,0.7655111490820995
ALACANT/ALICANTE,TORREVIEJA,47.87864066936528,10716,0.9358902575587906,0.807140033286612
ALACANT/ALICANTE,VALENCIA,123.70509196102228,13655,0.8993775173928964,0.7780785033004007
ALACANT/ALICANTE,VANDELLOS,310.34175152064387,11178,0.856682769726248,0.7817399041631494
ALACANT/ALICANTE,VIMIANZO,888.6088475841793,13692,0.5298714577855682,0.5390350996955632
ALACANT/ALICANTE,ZAMORA,567.0689947636466,13826,0.7668884709966729,0.7337195975665807
AMARANTE,ARANJUEZ,404.2806175279353,5212,0.7300460475825019,0.6258819038722527
AMARANTE,BARCELOS,54.20497580593242,8248,0.9017943743937924,0.5824778431707485
AMARANTE,BEJA,361.1845703344827,8491,0.7434931103521376,0.6265248720045498
AMARANTE,BRAGANCA,125.37851272267845,8491,0.7711694735602402,0.5999980735336348
AMARANTE,CADIZ,553.1291105674836,7625,0.7371803278688525,0.6385847121368545
AMARANTE,CAMPDEVANOL,855.3351234711791,8058,0.6567386448250186,0.5800123923591227
AMARANTE,CUENCA,518.2801219233589,8326,0.7411722315637761,0.6134577519395782
AMARANTE,DAROCA,557.4078630193003,7972,0.712744606121425,0.6104677267009601
AMARANTE,EXTREMO,83.62039509843535,7975,0.8673354231974921,0.5703558724719581
AMARANTE,GETAFE,381.6142805359026,8042,0.7489430489927879,0.6292246493313146
AMARANTE,LORCA,679.3174001407024,8058,0.6551253412757508,0.6508306504104062
AMARANTE,MONTSERRAT,826.4334290093525,8092,0.6739990113692536,0.6157678391662443
AMARANTE,OURENSE,118.63261093482076,7722,0.7911162911162911,0.5873632796987284
AMARANTE,OVIEDO,293.66277862388165,8013,0.6825159116435792,0.5467926919733574
AMARANTE,PAMPLONA,558.1471877232595,6658,0.735055572243917,0.5806411422200213
AMARANTE,PONFERRADA,188.3911114730106,7802,0.7909510381953345,0.5896188786081392
AMARANTE,PORTO,51.081047811761934,8491,0.7612766458603227,0.5869047918880319
AMARANTE,SORIA,468.41208759642063,7881,0.7619591422408324,0.5986963327501228
AMARANTE,TARIFA,622.5347570287753,7915,0.7301326595072647,0.638793726646189
AMARANTE,TORREVIEJA,728.5825709497442,8489,0.6582636352927318,0.6523044662669482
AMARANTE,VALENCIA,681.9591613928288,7945,0.660037759597231,0.6361156384187305
AMARANTE,VANDELLOS,749.532595129377,7392,0.6778950216450217,0.632374703343523
AMARANTE,VIMIANZO,214.43889743376576,8058,0.7130801687763713,0.5337895043739943
AMARANTE,ZAMORA,196.65607083453096,8095,0.7657813465101915,0.6209006032061188
ARANJUEZ,BARCELOS,456.94386740700327,4979,0.7097810805382607,0.6189406908211447
ARANJUEZ,BEJA,436.6998355189474,7303,0.8374640558674518,0.7159483809398198
ARANJUEZ,BRAGANCA,330.7157646460867,7303,0.7894016157743393,0.6689814663011256
ARANJUEZ,CADIZ,461.88355657159053,9544,0.8679798826487846,0.7412011849682882
ARANJUEZ,CAMPDEVANOL,534.9047749260752,9904,0.7503029079159935,0.6631423657017922
ARANJUEZ,CUENCA,120.3397979196313,10307,0.8798874551275832,0.6962601955729976
ARANJUEZ,DAROCA,214.66382762625304,10061,0.8376900904482656,0.7026697512348755
ARANJUEZ,EXTREMO,463.58147248375593,4718,0.6829164900381518,0.601366577668153
ARANJUEZ,GETAFE,29.842957016008317,10200,0.9266666666666666,0.7269745838093875
ARANJUEZ,LORCA,312.81875602167975,10364,0.8267078348128136,0.7788986349561299
ARANJUEZ,MONTSERRAT,483.74183977122476,10267,0.8086101100613616,0.7210036670467301
ARANJUEZ,OURENSE,439.5898363142306,9712,0.7505148270181219,0.633774748441324
ARANJUEZ,OVIEDO,413.3214453984977,9984,0.6460336538461539,0.5640430310859261
ARANJUEZ,PAMPLONA,344.72106708465105,9004,0.7431141714793426,0.6357818578792476
ARANJUEZ,PONFERRADA,376.975941051903,9964,0.7670614211160177,0.647316346122665
ARANJUEZ,PORTO,451.91969297701263,7303,0.7328495138983979,0.6356899498367431
ARANJUEZ,SORIA,209.8666537534825,9828,0.8295685795685795,0.6631997963394729
ARANJUEZ,TARIFA,485.1795408589508,9723,0.8564229147382495,0.7369051884717569
ARANJUEZ,TORREVIEJA,337.60440912071414,7245,0.828847481021394,0.7762212026994575
ARANJUEZ,VALENCIA,279.4178733912003,10186,0.8311407814647556,0.7494686366184423
ARANJUEZ,VANDELLOS,386.29498057401196,8118,0.827420546932742,0.7461051433154821
ARANJUEZ,VIMIANZO,565.5182139725509,10339,0.6113744075829384,0.5375519400134467
ARANJUEZ,ZAMORA,244.76945615902187,10319,0.8510514584746584,0.7067669028497637
BARCELOS,BEJA,394.9462144858965,8248,0.7287827352085354,0.6197259101751826
BARCELOS,BRAGANCA,158.84068706909179,8248,0.762972841901067,0.5951158925660005
BARCELOS,CADIZ,595.3643399439889,7391,0.7161412528751184,0.6302178487052541
BARCELOS,CAMPDEVANOL,895.7864620392419,7835,0.6388002552648373,0.5728842212512578
BARCELOS,CUENCA,569.6889276503039,8091,0.7151155604993202,0.606494603171611
BARCELOS,DAROCA,603.6694309161289,7745,0.6905100064557779,0.6022998090515256
BARCELOS,EXTREMO,49.40102682945533,7975,0.8899059561128526,0.5665714841437679
BARCELOS,GETAFE,433.6385065645445,7808,0.7251536885245902,0.6209090546012503
BARCELOS,LORCA,733.4979004425483,7824,0.6394427402862985,0.640589115474056
BARCELOS,MONTSERRAT,869.679214214432,7858,0.6567828964113006,0.6060564319771575
BARCELOS,OURENSE,108.51603210141234,7495,0.7966644429619747,0.584510291685902
BARCELOS,OVIEDO,303.03775372150017,7779,0.6896773364185628,0.544440150545348
BARCELOS,PAMPLONA,592.6994498625564,6422,0.728122080348801,0.576992182378616
BARCELOS,PONFERRADA,202.54991121436774,7571,0.7932901862369568,0.5852675765709319
BARCELOS,PORTO,33.53848022189384,8248,0.7726721629485936,0.583521533913523
BARCELOS,SORIA,510.47595095847004,7653,0.7436299490395923,0.5932688169466555
BARCELOS,TARIFA,666.8113288261869,7675,0.7057980456026058,0.6313460131404759
BARCELOS,TORREVIEJA,782.6215615097669,8246,0.6420082464225079,0.6415922904115843
BARCELOS,VALENCIA,733.7072218600883,7715,0.6356448476992871,0.6276377753639595
BARCELOS,VANDELLOS,795.6777500992627,7244,0.6605466593042518,0.6228576262630668
BARCELOS,VIMIANZO,173.4419829726839,7815,0.7323096609085092,0.5345796090540043
BARCELOS,ZAMORA,240.12680160839145,7855,0.7514958625079567,0.6145173718770336
BEJA,BRAGANCA,430.8607385181245,11322,0.8179650238473768,0.6596944858942588
BEJA,CADIZ,221.52310477604246,10137,0.8843839400217026,0.7260767130065858
BEJA,CAMPDEVANOL,971.5264098324253,10674,0.6936481169196178,0.6400980408063817
BEJA,CUENCA,544.681595978789,11077,0.8121332490746592,0.680618631706045
BEJA,DAROCA,651.0787517022701,10675,0.7587822014051522,0.6812604250614744
BEJA,EXTREMO,440.49324693578575,7975,0.7038244514106583,0.600621848732315
BEJA,GETAFE,437.6679412323377,10745,0.8564913913448116,0.7098548330483649
BEJA,LORCA,544.1541780990365,10779,0.7865293626495964,0.7524008931653543
BEJA,MONTSERRAT,918.3970126546851,10816,0.7492603550295858,0.6958626207906607
BEJA,OURENSE,478.10838148272,10371,0.7736958827499759,0.6303140551921346
BEJA,OVIEDO,615.7044529368845,10696,0.6350972326103216,0.5706362246783924
BEJA,PAMPLONA,749.236086638974,9390,0.7015974440894569,0.6258594375285412
BEJA,PONFERRADA,515.9345422390563,10544,0.778736722306525,0.6401326011851232
BEJA,PORTO,363.21670264981594,11322,0.7763645998940116,0.6348181320430365
BEJA,SORIA,620.0440291830206,10518,0.7824681498383723,0.6532236817967887
BEJA,TARIFA,300.94700188637086,10386,0.8551896784132486,0.7215664186821366
BEJA,TORREVIEJA,626.9216009737157,11258,0.7806004618937644,0.7536844817687676
BEJA,VALENCIA,670.0089442478595,10679,0.7694540687330275,0.7220026935125767
BEJA,VANDELLOS,817.1787164831283,9271,0.7719771329953619,0.7253804452411734
BEJA,VIMIANZO,568.3203927006623,10868,0.6244939271255061,0.5378428140497151
BEJA,ZAMORA,428.66901235196895,10884,0.839672914369717,0.690526309364986
BRAGANCA,CADIZ,591.2441421173287,10137,0.7828746177370031,0.6789193867540413
BRAGANCA,CAMPDEVANOL,737.2338559609224,10674,0.6619823871088627,0.6087234589033198
BRAGANCA,CUENCA,432.7158669303208,11077,0.7737654599620836,0.6420919833779255
BRAGANCA,DAROCA,450.87818508278497,10675,0.7343325526932084,0.64260575050288
BRAGANCA,EXTREMO,144.04718332264275,7975,0.7524764890282132,0.58010262012306
BRAGANCA,GETAFE,303.51700722728503,10745,0.81312238250349,0.6672746594547608
BRAGANCA,LORCA,632.034788008791,10779,0.7016420818257724,0.6968635783605505
BRAGANCA,MONTSERRAT,712.5915308846161,10816,0.698594674556213,0.652364575028898
BRAGANCA,OURENSE,108.92866052224846,10371,0.8704078680937228,0.6036027923941761
BRAGANCA,OVIEDO,186.4182409514349,10696,0.6960545998504114,0.5559168674843855
BRAGANCA,PAMPLONA,434.5720584909428,9390,0.715122470713525,0.5994035673361828
BRAGANCA,PONFERRADA,85.38430983920601,10544,0.8842943854324734,0.6097520619416208
BRAGANCA,PORTO,173.2717078252005,11322,0.8525878819996467,0.6065667953285869
BRAGANCA,SORIA,353.1398767564946,10518,0.7993915193002472,0.6220793537513345
BRAGANCA,TARIFA,651.3030041168986,10386,0.7615058732909686,0.6732391665094739
BRAGANCA,TORREVIEJA,667.4514050425146,11258,0.70305560490318,0.6974927988612767
BRAGANCA,VALENCIA,596.5755591706245,10679,0.6989418484876861,0.6746419739537616
BRAGANCA,VANDELLOS,641.9702702886015,9271,0.721173551936145,0.6736126996862858
BRAGANCA,VIMIANZO,234.93580978932752,10868,0.7073058520426941,0.5313803294336429
BRAGANCA,ZAMORA,89.6056573567959,10884,0.8748621830209482,0.6518783141001859
CADIZ,CAMPDEVANOL,963.2819400725859,12617,0.7242609178093049,0.6596494921213301
CADIZ,CUENCA,535.6507685530933,13134,0.8397289477691487,0.7046919340854171
CADIZ,DAROCA,662.9000222460407,12756,0.794057698338037,0.7043741064613779
CADIZ,EXTREMO,636.3172506741432,7133,0.6855460535539044,0.6092458914450243
CADIZ,GETAFE,476.75290326913614,12932,0.8744200433034334,0.7359430776953023
CADIZ,LORCA,425.2960461605942,13043,0.8346239362109944,0.7851641452279037
CADIZ,MONTSERRAT,899.2086026396215,13058,0.7869505284117017,0.722471010421525
CADIZ,OURENSE,662.218400872485,12405,0.7461507456670697,0.6441190856203758
CADIZ,OVIEDO,762.7869596510226,12748,0.6342171320991528,0.5752372094507445
CADIZ,PAMPLONA,805.9017585906898,12046,0.7136808899219658,0.6428829388679567
CADIZ,PONFERRADA,674.972969789671,12684,0.7580416272469253,0.657083189784628
CADIZ,PORTO,566.34726285661,10137,0.7410476472329092,0.650307352888584
CADIZ,SORIA,670.7214943588078,12515,0.7918497802636836,0.6710161627975433
CADIZ,TARIFA,80.03351863142868,12487,0.9201569632417714,0.7453916446551996
CADIZ,TORREVIEJA,517.7215139227709,10134,0.8293862245904875,0.7822763523292928
CADIZ,VALENCIA,613.3347128165052,12904,0.8167234965902046,0.7531541727929447
CADIZ,VANDELLOS,792.135361733422,10508,0.8107156452226875,0.751238833238046
CADIZ,VIMIANZO,767.0536111227079,13015,0.6007683442182098,0.5404443793341872
CADIZ,ZAMORA,559.5875847493983,13130,0.8324447829398325,0.7153172923625921
CAMPDEVANOL,CUENCA,432.37580926553534,13517,0.7564548346526596,0.6334144163665412
CAMPDEVANOL,DAROCA,321.63614811834907,13157,0.7798890324542069,0.6399770761462057
CAMPDEVANOL,EXTREMO,877.6268823610054,7580,0.6295514511873351,0.5596042946497874
CAMPDEVANOL,GETAFE,536.5420570240863,13281,0.7455010917852571,0.6564905519401275
CAMPDEVANOL,LORCA,604.8174522164234,13408,0.7341139618138425,0.6932132957191752
CAMPDEVANOL,MONTSERRAT,74.97672363971473,13425,0.8490130353817504,0.656805271068399
CAMPDEVANOL,OURENSE,824.5451288996337,12786,0.6439856092601283,0.5837489743993082
CAMPDEVANOL,OVIEDO,667.8256272139039,13107,0.6446936751354239,0.5478394824971903
CAMPDEVANOL,PAMPLONA,318.7496701681545,11989,0.7119025773625823,0.5911583451700343
CAMPDEVANOL,PONFERRADA,720.628643357688,13031,0.6625738623282941,0.5974670839632773
CAMPDEVANOL,PORTO,906.1590406468866,10674,0.62619449128724,0.5850230921277233
CAMPDEVANOL,SORIA,387.4173084136961,12871,0.7469505088959677,0.6135317238168294
CAMPDEVANOL,TARIFA,961.2019371404201,12740,0.7215070643642072,0.6499629682288098
CAMPDEVANOL,TORREVIEJA,531.6989397599546,10614,0.7331825890333522,0.6905738205286298
CAMPDEVANOL,VALENCIA,371.9501231758438,13289,0.7693581157348183,0.672666413590091
CAMPDEVANOL,VANDELLOS,177.15493704075024,10992,0.8014919941775837,0.6713594730483159
CAMPDEVANOL,VIMIANZO,921.2327549660163,13354,0.5609555189456342,0.5122617204029274
CAMPDEVANOL,ZAMORA,658.7984610222471,13490,0.7072646404744255,0.6395606426015661
CUENCA,DAROCA,131.42533507353394,13682,0.8589387516444964,0.6677858207773525
CUENCA,EXTREMO,571.7664461104613,7825,0.6912460063897764,0.5889070531873226
CUENCA,GETAFE,137.54018635559115,13839,0.8893706192643978,0.6926004677586475
CUENCA,LORCA,271.00645499216216,13936,0.7905424799081515,0.7319078828959357
CUENCA,MONTSERRAT,374.7167603573681,13934,0.797258504377781,0.6823959222462157
CUENCA,OURENSE,540.8797259364422,13292,0.7487210352091483,0.616847525433091
CUENCA,OVIEDO,479.503617813958,13626,0.671877293409658,0.5628122195119266
CUENCA,PAMPLONA,308.63219424047696,12493,0.7573841351156648,0.6184897129887996
CUENCA,PONFERRADA,465.0263825421571,13556,0.7657863676600767,0.6284880572720247
CUENCA,PORTO,567.1821488614561,11077,0.7251060756522524,0.6180160569862101
CUENCA,SORIA,192.20784562821694,13416,0.8467501490757304,0.638184347994218
CUENCA,TARIFA,543.314058633662,13245,0.8326160815402038,0.69810830234845
CUENCA,TORREVIEJA,262.82152027625284,11016,0.786038489469862,0.7298266490643023
CUENCA,VALENCIA,164.3475767291076,13800,0.8216666666666667,0.7079577513398934
CUENCA,VANDELLOS,272.5041374933283,11372,0.8087407667956384,0.704035384594973
CUENCA,VIMIANZO,664.1938871252027,13898,0.6213843718520651,0.5348576806805935
CUENCA,ZAMORA,343.440380730089,14018,0.8247253531174205,0.6738413766739129
DAROCA,EXTREMO,594.9213952362923,7484,0.6688936397648316,0.5853428679788901
DAROCA,GETAFE,214.91018245542134,13456,0.8413347205707491,0.695322691957712
DAROCA,LORCA,385.4390109784557,13549,0.7814598863384752,0.7339577618118348
DAROCA,MONTSERRAT,276.3837482779679,13558,0.8070511874907803,0.686199015861837
DAROCA,OURENSE,551.811062081934,12912,0.7175495662949195,0.615058779609875
DAROCA,OVIEDO,443.8119946032598,13229,0.6940055937712601,0.5635252532197739
DAROCA,PAMPLONA,190.36900257435718,12141,0.7888147599044559,0.6199908955722919
DAROCA,PONFERRADA,459.08235989634846,13190,0.7382107657316148,0.6296058900967726
DAROCA,PORTO,608.3649744652214,10675,0.6908665105386417,0.6175676712379841
DAROCA,SORIA,115.75300736284872,13075,0.8508604206500956,0.6413069613872721
DAROCA,TARIFA,673.7930290643372,12877,0.7905568067096373,0.6967433114807802
DAROCA,TORREVIEJA,353.9576047317979,10617,0.7804464538005086,0.7327434707251218
DAROCA,VALENCIA,202.0600060499945,13415,0.8184867685426761,0.7095910976656045
DAROCA,VANDELLOS,192.12935002265584,11008,0.8215843023255814,0.7065181367311673
DAROCA,VIMIANZO,665.9181091997569,13499,0.6042669827394622,0.5312441624057119
DAROCA,ZAMORA,363.94512147091547,13633,0.7877209711728893,0.6762057069120606
EXTREMO,GETAFE,438.37559538811104,7547,0.698820723466278,0.6016379076850321
EXTREMO,LORCA,751.1837443784797,7618,0.6100026253609871,0.6152832681089259
EXTREMO,MONTSERRAT,855.3162852926539,7595,0.6366030283080975,0.5880270544071673
EXTREMO,OURENSE,64.68203519715652,7238,0.7915169936446532,0.5726190285526218
EXTREMO,OVIEDO,262.7630837702682,7521,0.6907326153437043,0.5387278999812686
EXTREMO,PAMPLONA,568.9701886163513,6161,0.724395390358708,0.5650410607639776
EXTREMO,PONFERRADA,167.89533229819756,7319,0.7865828665118185,0.5738963903100864
EXTREMO,PORTO,82.82891707459974,7975,0.7655172413793103,0.5709181146104063
EXTREMO,SORIA,496.0797158419938,7395,0.7291413116970926,0.5792416818709955
EXTREMO,TARIFA,706.092912792578,7423,0.6778930351609861,0.6115493777852351
EXTREMO,TORREVIEJA,795.3584392799829,7975,0.616551724137931,0.6171899255140003
EXTREMO,VALENCIA,736.1000516651022,7444,0.6155292853304675,0.6053488529865754
EXTREMO,VANDELLOS,785.969387395911,7149,0.6386907259756609,0.6014200092532838
EXTREMO,VIMIANZO,130.8704831301554,7542,0.7433041633518961,0.5311697457590658
EXTREMO,ZAMORA,232.2182025586913,7587,0.7344141294319231,0.5967018664042651
GETAFE,LORCA,342.6521266485664,13701,0.8187723523830377,0.7694004400200174
GETAFE,MONTSERRAT,488.6532105300666,13701,0.7951244434712794,0.7126867035578104
GETAFE,OURENSE,412.4454585493426,13050,0.7681226053639847,0.6370040563474904
GETAFE,OVIEDO,383.52033088822407,13374,0.6630776132794975,0.5737966293745841
GETAFE,PAMPLONA,329.36051686188137,12310,0.7476035743298132,0.6364239686095695
GETAFE,PONFERRADA,347.7878302875474,13333,0.7901447536188405,0.6508103419138358
GETAFE,PORTO,430.07989294675906,10745,0.7519776640297813,0.6387220520631345
GETAFE,SORIA,194.23062427293388,13178,0.8549855820306571,0.6628694284595721
GETAFE,TARIFA,503.93440625424194,13026,0.8603562106556119,0.7294774096749914
GETAFE,TORREVIEJA,366.1941513723087,10683,0.8117569970981934,0.7651700564867159
GETAFE,VALENCIA,300.38725558016614,13566,0.8261831048208758,0.7422127165007203
GETAFE,VANDELLOS,394.4493920266504,11114,0.8181572791074321,0.7368542925251823
GETAFE,VIMIANZO,537.9982813583713,13657,0.6218788899465476,0.5412511443764014
GETAFE,ZAMORA,216.6030790562176,13814,0.8682496018531924,0.7027580318026542
LORCA,MONTSERRAT,531.9731725143124,13836,0.8102052616363111,0.7604035470995011
LORCA,OURENSE,738.7044514897925,13245,0.6579841449603624,0.6564940820529859
LORCA,OVIEDO,725.6043641308303,13518,0.5920994229915668,0.5817218996022657
LORCA,PAMPLONA,574.15223025708,12491,0.672724361540309,0.6591794525467299
LORCA,PONFERRADA,687.1777861882695,13444,0.6783695328771199,0.674114021626229
LORCA,PORTO,719.8418893182059,10779,0.6519157621300677,0.6598706445854952
LORCA,SORIA,463.21138692365764,13260,0.7282805429864253,0.6940170969559069
LORCA,TARIFA,393.000828128321,13179,0.8365581607102208,0.7741609216327213
LORCA,TORREVIEJA,92.9629128265286,10721,0.9231414979945901,0.8287672113681787
LORCA,VALENCIA,233.25734632832993,13692,0.8751825883727724,0.7916565396587616
LORCA,VANDELLOS,428.19478759397066,11280,0.8424645390070922,0.7936855538958363
LORCA,VIMIANZO,865.2869295532565,13810,0.52302679217958,0.5375595907183405
LORCA,ZAMORA,551.8402907324325,13917,0.7644607314794856,0.7422457129183423
MONTSERRAT,OURENSE,805.6077124931321,13179,0.6724334167994537,0.621454183136268
MONTSERRAT,OVIEDO,661.86942974353,13509,0.6387593456214375,0.5648802603407858
MONTSERRAT,PAMPLONA,317.04551951128434,12418,0.7162989209212434,0.626004594754379
MONTSERRAT,PONFERRADA,704.4850567179411,13435,0.6882024562709341,0.6363756801284357
MONTSERRAT,PORTO,877.5041047929506,10816,0.6585613905325444,0.623204370174026
MONTSERRAT,SORIA,359.45237758100865,13304,0.7612748045700541,0.6541966427905432
MONTSERRAT,TARIFA,894.0073536859612,13142,0.785344696393243,0.7118757572886034
MONTSERRAT,TORREVIEJA,457.3761585560558,10755,0.8110646211064622,0.7570749707570297
MONTSERRAT,VALENCIA,299.9337136524067,13724,0.8348149227630428,0.7316642589332631
MONTSERRAT,VANDELLOS,107.44072374644497,11235,0.8740542946150422,0.73364102677737
MONTSERRAT,VIMIANZO,908.9071491485759,13797,0.5635283032543307,0.5272872129851036
MONTSERRAT,ZAMORA,630.124864241534,13903,0.7519240451701071,0.6910137734598455
OURENSE,OVIEDO,198.1392317490295,12916,0.7486838030349954,0.5493535871730388
OURENSE,PAMPLONA,512.2711108548466,11936,0.7391085790884718,0.586532197445286
OURENSE,PONFERRADA,106.6932085028858,12948,0.9043095458758109,0.5940632090252079
OURENSE,PORTO,139.29882883035052,10371,0.8822678623083599,0.5918429812326034
OURENSE,SORIA,448.04142990230656,12719,0.782687318185392,0.5994754277676152
OURENSE,TARIFA,728.2696456458681,12506,0.7304493842955382,0.6428822565017581
OURENSE,TORREVIEJA,776.0168458727076,10313,0.6571317754290701,0.6584031266040472
OURENSE,VALENCIA,704.3620695761358,13046,0.6534569983136593,0.6406613612614454
OURENSE,VANDELLOS,740.909536391108,10672,0.6800974512743628,0.6361244481481834
OURENSE,VIMIANZO,126.663815929313,13144,0.7910833840535606,0.539774601635392
OURENSE,ZAMORA,197.46051121987787,13278,0.8242958276848923,0.6241329067390745
OVIEDO,PAMPLONA,349.0842283939773,12159,0.7565589275433835,0.5446764304068294
OVIEDO,PONFERRADA,105.7779788780367,13176,0.7689738919247116,0.551182251021156
OVIEDO,PORTO,329.9069465626056,10696,0.6923148840688108,0.5479799202531962
OVIEDO,SORIA,328.47142618303815,12984,0.7252772643253235,0.5561207356617491
OVIEDO,TARIFA,816.4177169560978,12831,0.6335437612033357,0.5728684154681173
OVIEDO,TORREVIEJA,739.2844742188854,10635,0.598589562764457,0.5859992081043055
OVIEDO,VALENCIA,629.29788286108,13366,0.6029477779440371,0.5760217318564335
OVIEDO,VANDELLOS,616.2749053789473,11019,0.6270078954533079,0.5718964230293321
OVIEDO,VIMIANZO,259.2087761058383,13465,0.7082807278128481,0.5159360746875435
OVIEDO,ZAMORA,204.63855112905523,13597,0.6965507097153784,0.5654050737390558
PAMPLONA,PONFERRADA,406.46655924264945,12139,0.7604415520224072,0.5953480426350097
PAMPLONA,PORTO,607.5222615218898,9390,0.7007454739084132,0.5843739175612463
PAMPLONA,SORIA,135.18321493711682,11935,0.8147465437788018,0.6011852721731866
PAMPLONA,TARIFA,829.2910260139029,11742,0.7135922330097088,0.6400794334732752
PAMPLONA,TORREVIEJA,543.9662574703891,9328,0.6679888507718696,0.6563168795095459
PAMPLONA,VALENCIA,386.0425260268582,12335,0.687393595460073,0.6438184375380395
PAMPLONA,VANDELLOS,293.08502405862976,9886,0.7146469755209387,0.6365338708959325
PAMPLONA,VIMIANZO,603.493403223551,12452,0.6778027626084163,0.5280987492317811
PAMPLONA,ZAMORA,367.3654725601395,12569,0.743416341793301,0.6223253175063574
PONFERRADA,PORTO,227.03305237919082,10544,0.853850531107739,0.5957810741570924
PONFERRADA,SORIA,350.40778284497753,12951,0.8089722801328083,0.6082537364646203
PONFERRADA,TARIFA,733.389308612728,12757,0.7403778317786314,0.6543935085938392
PONFERRADA,TORREVIEJA,713.6574189462601,10482,0.6750620110665904,0.6721717957304821
PONFERRADA,VALENCIA,625.051834320131,13310,0.6746806912096168,0.6567663147505725
PONFERRADA,VANDELLOS,644.6636540795565,10921,0.7001190367182493,0.6505573886741165
PONFERRADA,VIMIANZO,206.98289332004413,13394,0.758324622965507,0.5364185722542236
PONFERRADA,ZAMORA,136.70197868466016,13547,0.8522920203735145,0.6365765138845573
PORTO,SORIA,519.3726033462698,10518,0.7475755847119224,0.6027905834335938
PORTO,TARIFA,638.7996392399266,10386,0.7203928365106874,0.6473680309069765
PORTO,TORREVIEJA,772.2164504147961,11258,0.6553561911529578,0.6621735340516789
PORTO,VALENCIA,730.4403037146251,10679,0.6444423635171832,0.6422736921742555
PORTO,VANDELLOS,800.4796892617657,9271,0.6730665516125552,0.6419310581514432
PORTO,VIMIANZO,205.27483647472724,10868,0.7674825174825175,0.5305706588523201
PORTO,ZAMORA,247.6299619146027,10884,0.7969496508636531,0.6272315028971446
SORIA,TARIFA,694.9126272193365,12615,0.7816884661117717,0.665469424658369
SORIA,TORREVIEJA,448.56461736700817,10457,0.726690255331357,0.6951811020325677
SORIA,VALENCIA,311.4245680650915,13159,0.7511209058439091,0.6744273680023664
SORIA,VANDELLOS,294.2799122527215,10781,0.7679250533345701,0.6668946248384184
SORIA,VIMIANZO,557.200305739203,13232,0.661577992744861,0.5323316660478812
SORIA,ZAMORA,271.7560381571126,13362,0.8316120341266278,0.6455405364409825
TARIFA,TORREVIEJA,485.82495470794737,10351,0.8296782919524683,0.771886203544589
TARIFA,VALENCIA,600.0115551800452,13000,0.8177692307692308,0.7435015307091635
TARIFA,VANDELLOS,786.5750226201751,10789,0.806006117341737,0.7406305799013544
TARIFA,VIMIANZO,836.9590183426419,13091,0.6019402643037202,0.546595482231428
TARIFA,ZAMORA,611.8722859515716,13208,0.8106450635978195,0.70835427905532
TORREVIEJA,VALENCIA,169.8382864010786,10615,0.879510127178521,0.783322274484616
TORREVIEJA,VANDELLOS,358.203279690541,9218,0.8494250379691907,0.7937847654176622
TORREVIEJA,VIMIANZO,902.3822987500527,10817,0.5188129795691966,0.534130178782095
TORREVIEJA,ZAMORA,582.362225280907,10820,0.7596118299445471,0.7416221996828865
VALENCIA,VANDELLOS,195.02382803981865,11105,0.8689779378658262,0.7606213913185116
VALENCIA,VIMIANZO,826.7374398316697,13649,0.5285368891493882,0.5355233037338161
VALENCIA,ZAMORA,507.1099386270944,13767,0.7632744969855452,0.716503544669397
VANDELLOS,VIMIANZO,851.479477362233,11190,0.5646112600536193,0.5334321651672957
VANDELLOS,ZAMORA,555.7626101277917,11296,0.7720432011331445,0.7131188087902218
VIMIANZO,ZAMORA,321.827705472062,13873,0.6663302818424277,0.5377297481260725
