data_source,city,season,pi,p1,p2
ACHTOPOL all,ACHTOPOL,all,0.43173727805392453,0.6702770420029766,0.45160380870872596
ACHTOPOL spring,ACHTOPOL,spring,0.4445045720745249,0.6990749440139108,0.40866321570727077
ACHTOPOL summer,ACHTOPOL,summer,0.7744048244771226,0.6077142437207892,0.6064917137256448
ACHTOPOL autumn,ACHTOPOL,autumn,0.4596486124970219,0.6735178742039939,0.4355503470978598
ACHTOPOL winter,ACHTOPOL,winter,0.2771372898324758,0.6246184814289918,0.47574777806924845
AGLIENTU all,AGLIENTU,all,0.9160103780757464,0.5106952108114813,0.29160733960292806
AGLIENTU spring,AGLIENTU,spring,0.7871930976302257,0.4934737537236829,0.49190759104570536
AGLIENTU summer,AGLIENTU,summer,0.6692355665036365,0.8039084047607034,0.5474384848381763
AGLIENTU autumn,AGLIENTU,autumn,0.9357295537051655,0.48683534654684857,0.2734973687220363
AGLIENTU winter,AGLIENTU,winter,0.890270394653499,0.48013547708334375,0.27996017450209765
AGUIAR DA BEIRA all,AGUIAR DA BEIRA,all,0.5514307949431103,0.5117845327948135,0.19886391992529656
AGUIAR DA BEIRA spring,AGUIAR DA BEIRA,spring,0.4052149008134259,0.5224117315505638,0.23369878937006347
AGUIAR DA BEIRA summer,AGUIAR DA BEIRA,summer,0.46005184009616995,0.7154666340503996,0.430070777269688
AGUIAR DA BEIRA autumn,AGUIAR DA BEIRA,autumn,0.7206802864108679,0.4016631177431679,0.16226103224166563
AGUIAR DA BEIRA winter,AGUIAR DA BEIRA,winter,0.3570274165683716,0.5783170118992076,0.18846315684168335
AJACCIO all,AJACCIO,all,0.2777687875771327,0.63102498392738,0.48586386379164803
AJACCIO spring,AJACCIO,spring,0.5542017188987053,0.552360831009157,0.5518124631776168
AJACCIO summer,AJACCIO,summer,0.7855516409368104,0.7062006456813886,0.7047188525720233
AJACCIO autumn,AJACCIO,autumn,0.15991006727732004,0.8478162487596921,0.4575279211631235
AJACCIO winter,AJACCIO,winter,0.7819025251583864,0.46918091113266447,0.46707029950624296
AKHISAR all,AKHISAR,all,0.27352004645214395,0.5394291563651333,0.5388646715639673
AKHISAR spring,AKHISAR,spring,0.7869475274164112,0.5543277268717537,0.5539107353857251
AKHISAR summer,AKHISAR,summer,0.11839070522141726,0.9999999999,0.7353027504345456
AKHISAR autumn,AKHISAR,autumn,0.4199078650490937,0.5611409963046999,0.5608008735024597
AKHISAR winter,AKHISAR,winter,0.31826453514814157,0.48497300555067535,0.48464304439666606
AKTIO all,AKTIO,all,0.6092935475465499,0.5562931825787495,0.4021093365194209
AKTIO spring,AKTIO,spring,0.5535068046961598,0.5629867890089869,0.5618977068281726
AKTIO summer,AKTIO,summer,0.82741686684206,0.8548170528902616,0.5284649654574397
AKTIO autumn,AKTIO,autumn,0.9224017357815667,0.4759083024200761,0.30085667639288355
AKTIO winter,AKTIO,winter,0.27380089746197395,0.42818930696009133,0.41955583455827083
ALACANT/ALICANTE all,ALACANT/ALICANTE,all,0.6106229930031847,0.567733681025477,0.566283646889441
ALACANT/ALICANTE spring,ALACANT/ALICANTE,spring,0.8780227722232378,0.5529158046482708,0.43226189077128113
ALACANT/ALICANTE summer,ALACANT/ALICANTE,summer,0.27260001173239773,0.7025119456854501,0.7022069647996475
ALACANT/ALICANTE autumn,ALACANT/ALICANTE,autumn,0.5544414521507467,0.54818052719669,0.5478150402544162
ALACANT/ALICANTE winter,ALACANT/ALICANTE,winter,0.3875888258301221,0.5758223099834645,0.5748121438565948
ALBACETE BASE AEREA all,ALBACETE BASE AEREA,all,0.27357407130541656,0.5294644845100396,0.5225534428189428
ALBACETE BASE AEREA spring,ALBACETE BASE AEREA,spring,0.7817130882217003,0.47732378500637895,0.4754541486843938
ALBACETE BASE AEREA summer,ALBACETE BASE AEREA,summer,0.3215145481591467,0.6312543827761598,0.6309796598240157
ALBACETE BASE AEREA autumn,ALBACETE BASE AEREA,autumn,0.4184987580403054,0.5314250686390375,0.5308795954654425
ALBACETE BASE AEREA winter,ALBACETE BASE AEREA,winter,0.9643616674504377,0.5522364141154852,0.2629953149612754
ALGER-DAR EL BEIDA all,ALGER-DAR EL BEIDA,all,0.27379020031858803,0.4275537659932832,0.4219811016621434
ALGER-DAR EL BEIDA spring,ALGER-DAR EL BEIDA,spring,0.4044684215484201,0.4570236557772915,0.4568337957026037
ALGER-DAR EL BEIDA summer,ALGER-DAR EL BEIDA,summer,0.5482060123780792,0.6799883442250622,0.6796957375768463
ALGER-DAR EL BEIDA autumn,ALGER-DAR EL BEIDA,autumn,0.29362414494903044,0.42123542344643383,0.4207897350558033
ALGER-DAR EL BEIDA winter,ALGER-DAR EL BEIDA,winter,0.7881809421117855,0.3745484673365095,0.31712130221494483
ALICANTE-ELCHE AEROPUERTO all,ALICANTE-ELCHE AEROPUERTO,all,0.7779413502902863,0.5660357845606959,0.5654265399131576
ALICANTE-ELCHE AEROPUERTO spring,ALICANTE-ELCHE AEROPUERTO,spring,0.7870108708175476,0.5408015091447382,0.5404752912436789
ALICANTE-ELCHE AEROPUERTO summer,ALICANTE-ELCHE AEROPUERTO,summer,0.31999911947263004,0.6846298621291239,0.682900932195606
ALICANTE-ELCHE AEROPUERTO autumn,ALICANTE-ELCHE AEROPUERTO,autumn,0.6099393939488389,0.5540064330709152,0.5536456572688844
ALICANTE-ELCHE AEROPUERTO winter,ALICANTE-ELCHE AEROPUERTO,winter,0.27344392298020814,0.5642539331285995,0.5628296417400934
ALMEIDINHA all,ALMEIDINHA,all,0.36649427846007165,0.6903942489381687,0.3152549172098661
ALMEIDINHA spring,ALMEIDINHA,spring,0.21824144846570032,0.7515661604526259,0.3503346221151587
ALMEIDINHA summer,ALMEIDINHA,summer,0.6643680731002762,0.7688740484922988,0.4012679643515791
ALMEIDINHA autumn,ALMEIDINHA,autumn,0.6537270588579244,0.518072773673382,0.25876875344872724
ALMEIDINHA winter,ALMEIDINHA,winter,0.2679503895157073,0.6792258243861358,0.2938981822777335
ALMERIA AEROPUERTO all,ALMERIA AEROPUERTO,all,0.2868347333658492,0.6051731480913246,0.6032125049516961
ALMERIA AEROPUERTO spring,ALMERIA AEROPUERTO,spring,0.3209142401260532,0.6105445454865192,0.6103829259092807
ALMERIA AEROPUERTO summer,ALMERIA AEROPUERTO,summer,0.28489377597000903,0.9564908017573046,0.76652790204421
ALMERIA AEROPUERTO autumn,ALMERIA AEROPUERTO,autumn,0.2733727771205083,0.5851487367259485,0.5828728869181811
ALMERIA AEROPUERTO winter,ALMERIA AEROPUERTO,winter,0.9372924454178179,0.6067516993261729,0.3613459514174015
AMARANTE all,AMARANTE,all,0.5873212419725878,0.5487563511392379,0.21653026881313275
AMARANTE spring,AMARANTE,spring,0.49734308148857265,0.5436969082080713,0.2352909602068637
AMARANTE summer,AMARANTE,summer,0.6694538154656495,0.7608077279569486,0.3806494673677693
AMARANTE autumn,AMARANTE,autumn,0.4488679973041032,0.5816957395455836,0.2546103625404406
AMARANTE winter,AMARANTE,winter,0.6474227397349277,0.4044943715199138,0.1658015721047679
ANDRAVIDA all,ANDRAVIDA,all,0.844833025439286,0.5351235435063,0.3176545801392917
ANDRAVIDA spring,ANDRAVIDA,spring,0.7767277450719658,0.5837909886197135,0.5829346506170786
ANDRAVIDA summer,ANDRAVIDA,summer,0.9684953504996437,0.8650260511978368,0.437245253580191
ANDRAVIDA autumn,ANDRAVIDA,autumn,0.9455154060821271,0.5092516279299653,0.22124382916527377
ANDRAVIDA winter,ANDRAVIDA,winter,0.40907597053911826,0.4525745304871325,0.38667257061779203
ARANJUEZ all,ARANJUEZ,all,0.19389481341765127,0.7608057355834342,0.5165626145366446
ARANJUEZ spring,ARANJUEZ,spring,0.09654217119237436,0.7917132237687836,0.4910908278780997
ARANJUEZ summer,ARANJUEZ,summer,0.21316293145233423,0.9999465676322838,0.6478496567298393
ARANJUEZ autumn,ARANJUEZ,autumn,0.8532291840999698,0.5642663378358302,0.41951353440191325
ARANJUEZ winter,ARANJUEZ,winter,0.2755498278524826,0.6771807441731825,0.5222060801168464
ARGOSTOLI all,ARGOSTOLI,all,0.560746071102959,0.5644932347242352,0.3552311951026511
ARGOSTOLI spring,ARGOSTOLI,spring,0.2735296493818169,0.5368043565864494,0.5356855877986063
ARGOSTOLI summer,ARGOSTOLI,summer,0.8876550820217092,0.8724231809514712,0.5725576374547083
ARGOSTOLI autumn,ARGOSTOLI,autumn,0.868144307444051,0.4660141076175037,0.277164274294558
ARGOSTOLI winter,ARGOSTOLI,winter,0.1383906229802138,0.6696649956463238,0.36000238844891136
ASTURIAS AEROPUERTO all,ASTURIAS AEROPUERTO,all,0.7600085279437242,0.4243682210535892,0.2698616279737813
ASTURIAS AEROPUERTO spring,ASTURIAS AEROPUERTO,spring,0.786586960176074,0.36384838284944154,0.301787209025089
ASTURIAS AEROPUERTO summer,ASTURIAS AEROPUERTO,summer,0.2736504689567888,0.489707971048392,0.4891745265460387
ASTURIAS AEROPUERTO autumn,ASTURIAS AEROPUERTO,autumn,0.8957214209131501,0.411188608167306,0.19981426181944356
ASTURIAS AEROPUERTO winter,ASTURIAS AEROPUERTO,winter,0.14695919400895105,0.5485307609656757,0.3021377698292412
BADAJOZ AEROPUERTO all,BADAJOZ AEROPUERTO,all,0.9263475601063642,0.46132268660980125,0.2307371915732972
BADAJOZ AEROPUERTO spring,BADAJOZ AEROPUERTO,spring,0.7601911678189069,0.4156897950705777,0.41012925546409656
BADAJOZ AEROPUERTO summer,BADAJOZ AEROPUERTO,summer,0.43012532019972793,0.7716703953019949,0.6013195358322251
BADAJOZ AEROPUERTO autumn,BADAJOZ AEROPUERTO,autumn,0.2737630638355171,0.4396443495722849,0.436142493546452
BADAJOZ AEROPUERTO winter,BADAJOZ AEROPUERTO,winter,0.8501071154368397,0.46339763679710405,0.22051630629793387
BALIKESIR all,BALIKESIR,all,0.28959681666730475,0.5304557737732738,0.5299045587219272
BALIKESIR spring,BALIKESIR,spring,0.39622305297377736,0.5273191158693056,0.5268535735951958
BALIKESIR summer,BALIKESIR,summer,0.7303964034871239,0.7104791218612763,0.7087052281516183
BALIKESIR autumn,BALIKESIR,autumn,0.7870319575331605,0.5344073921860479,0.5314569552735028
BALIKESIR winter,BALIKESIR,winter,0.6082570268627543,0.49699024404210335,0.4967750997873317
BANDIRMA all,BANDIRMA,all,0.27363171236301653,0.5116452178858982,0.5024708159474843
BANDIRMA spring,BANDIRMA,spring,0.2736119331555345,0.5122217616657718,0.5071492402675101
BANDIRMA summer,BANDIRMA,summer,0.11711685666134784,0.9999926615451452,0.6905262026903741
BANDIRMA autumn,BANDIRMA,autumn,0.9874650169365128,0.5291507064128164,0.1753723048072054
BANDIRMA winter,BANDIRMA,winter,0.2926254789592345,0.4516430071844864,0.4513050431667421
BARCELONA AEROPUERTO all,BARCELONA AEROPUERTO,all,0.32092606581443184,0.547130721732857,0.5466012170363838
BARCELONA AEROPUERTO spring,BARCELONA AEROPUERTO,spring,0.4184030836074164,0.5277684701238078,0.5274985361936017
BARCELONA AEROPUERTO summer,BARCELONA AEROPUERTO,summer,0.5526642682574946,0.6069765085910205,0.6061918655982008
BARCELONA AEROPUERTO autumn,BARCELONA AEROPUERTO,autumn,0.7613139772914597,0.528797839653965,0.5279299423550382
BARCELONA AEROPUERTO winter,BARCELONA AEROPUERTO,winter,0.27350007862550063,0.545600058512172,0.5451797430421174
BARCELOS all,BARCELOS,all,0.5192698750645857,0.5504304129524777,0.2282492611182513
BARCELOS spring,BARCELOS,spring,0.5113290338468194,0.5083353506697172,0.23197497953702215
BARCELOS summer,BARCELOS,summer,0.6109365219478436,0.6355039350465455,0.47622655044335577
BARCELOS autumn,BARCELOS,autumn,0.30437664975065626,0.6532539875881811,0.2604916823393678
BARCELOS winter,BARCELOS,winter,0.4559017952610893,0.4411648985255593,0.19529447434617178
BASSACUTENA all,BASSACUTENA,all,0.7862941170096804,0.5572571133160289,0.4376240168693494
BASSACUTENA spring,BASSACUTENA,spring,0.39255894553883297,0.5505005913089962,0.550163630010562
BASSACUTENA summer,BASSACUTENA,summer,0.8314312259758656,0.7217863937387871,0.6107577867440271
BASSACUTENA autumn,BASSACUTENA,autumn,0.3985368442824746,0.5280495740953554,0.5232030224405866
BASSACUTENA winter,BASSACUTENA,winter,0.5574698932195667,0.57216381195947,0.398589540824986
BASTIA all,BASTIA,all,0.6107456303868571,0.6293653909113784,0.48830599906605876
BASTIA spring,BASTIA,spring,0.273471031303357,0.5718553043620113,0.5594888383820843
BASTIA summer,BASTIA,summer,0.2316224016847772,0.9999999991776368,0.6626307495354806
BASTIA autumn,BASTIA,autumn,0.7870080692136947,0.5382414479478087,0.5314394137532742
BASTIA winter,BASTIA,winter,0.860258532275156,0.5767645139004393,0.3863077255309584
BEARIZ all,BEARIZ,all,0.49382555610533585,0.43784946022032,0.2119663926291103
BEARIZ spring,BEARIZ,spring,0.9760136708821586,0.29643600066876197,0.10115563964821764
BEARIZ summer,BEARIZ,summer,0.09205855691701355,0.9039085437719683,0.4438000808529665
BEARIZ autumn,BEARIZ,autumn,0.827529025211348,0.32433562899496143,0.15761764432601566
BEARIZ winter,BEARIZ,winter,0.15504337399191256,0.6981408365613067,0.19644593654854753
BEJA all,BEJA,all,0.5115229270047074,0.6402147601743777,0.3440763277211601
BEJA spring,BEJA,spring,0.2752435761513775,0.6814309590670827,0.4031704935147837
BEJA summer,BEJA,summer,0.19433547372426285,0.998793591635417,0.636130806614315
BEJA autumn,BEJA,autumn,0.7864056307320392,0.5870992378246352,0.2809745071144765
BEJA winter,BEJA,winter,0.3933685923050821,0.6147335134951017,0.3262462729878066
BELGRADE (OBSERVATORY) all,BELGRADE (OBSERVATORY),all,0.7869974284312782,0.5427900498430909,0.5406877459090094
BELGRADE (OBSERVATORY) spring,BELGRADE (OBSERVATORY),spring,0.2897885579711356,0.5304282801383094,0.5285967640476001
BELGRADE (OBSERVATORY) summer,BELGRADE (OBSERVATORY),summer,0.2743343289589541,0.6448921705215617,0.5465015885680152
BELGRADE (OBSERVATORY) autumn,BELGRADE (OBSERVATORY),autumn,0.7616310774729343,0.5473822896796702,0.5464920093909751
BELGRADE (OBSERVATORY) winter,BELGRADE (OBSERVATORY),winter,0.6090756747205864,0.5273365359491854,0.5262449692297119
BEN GUERIR all,BEN GUERIR,all,0.4295668574786568,0.7292841160310857,0.5370615323894259
BEN GUERIR spring,BEN GUERIR,spring,0.950177723501789,0.6109089057797403,0.34137054488452806
BEN GUERIR summer,BEN GUERIR,summer,0.7182731901721019,0.9474846841897373,0.3532751563102431
BEN GUERIR autumn,BEN GUERIR,autumn,0.8491901573482217,0.7470153381274109,0.3702306498832326
BEN GUERIR winter,BEN GUERIR,winter,0.31529285523926576,0.5915670555778593,0.5906066042938231
BILBAO AEROPUERTO all,BILBAO AEROPUERTO,all,0.8952730763254013,0.39077125087524495,0.21803641335111335
BILBAO AEROPUERTO spring,BILBAO AEROPUERTO,spring,0.5579560957304726,0.3499203233085972,0.3484905268605097
BILBAO AEROPUERTO summer,BILBAO AEROPUERTO,summer,0.41675576166185146,0.48733469120973766,0.4866045762215844
BILBAO AEROPUERTO autumn,BILBAO AEROPUERTO,autumn,0.30473571360665014,0.46226959288742614,0.3004362286891492
BILBAO AEROPUERTO winter,BILBAO AEROPUERTO,winter,0.9580112421323703,0.3287080828224804,0.13051251843091655
BIZERTE KAROUBA all,BIZERTE KAROUBA,all,0.9270586545959724,0.5038003292260178,0.21790950046320348
BIZERTE KAROUBA spring,BIZERTE KAROUBA,spring,0.42980373409872935,0.7056248159760261,0.49488493879226403
BIZERTE KAROUBA summer,BIZERTE KAROUBA,summer,0.250129396592583,0.7407998599526702,0.7407210228333643
BIZERTE KAROUBA autumn,BIZERTE KAROUBA,autumn,0.7872817216772918,0.4657979110298787,0.4654050449918182
BIZERTE KAROUBA winter,BIZERTE KAROUBA,winter,0.8302830348180326,0.43862368118187006,0.20852867403058678
BORDEAUX-MERIGNAC all,BORDEAUX-MERIGNAC,all,0.47328649738249107,0.5714182084204166,0.32078880942335736
BORDEAUX-MERIGNAC spring,BORDEAUX-MERIGNAC,spring,0.5646306392229122,0.5239227437504869,0.32237976538249896
BORDEAUX-MERIGNAC summer,BORDEAUX-MERIGNAC,summer,0.3354026815876735,0.6861982493697927,0.44934949855640727
BORDEAUX-MERIGNAC autumn,BORDEAUX-MERIGNAC,autumn,0.7083458749568519,0.5045191855215898,0.25982324022674097
BORDEAUX-MERIGNAC winter,BORDEAUX-MERIGNAC,winter,0.9899642605510165,0.34660807933978,0.09587624244143116
BOTEV VRAH (TOP/SOMMET) all,BOTEV VRAH (TOP/SOMMET),all,0.7862492564255633,0.43701398514676887,0.32161506469809753
BOTEV VRAH (TOP/SOMMET) spring,BOTEV VRAH (TOP/SOMMET),spring,0.3222676690053393,0.46832916453348405,0.33025990676833983
BOTEV VRAH (TOP/SOMMET) summer,BOTEV VRAH (TOP/SOMMET),summer,0.558006804904127,0.5071138630597551,0.35565333801943577
BOTEV VRAH (TOP/SOMMET) autumn,BOTEV VRAH (TOP/SOMMET),autumn,0.5562949604422601,0.46714816329127723,0.46669988235279936
BOTEV VRAH (TOP/SOMMET) winter,BOTEV VRAH (TOP/SOMMET),winter,0.7871533457020009,0.40426484616334435,0.33812213763912413
BRAGANCA all,BRAGANCA,all,0.613528017698296,0.5550436244471063,0.28997262289550946
BRAGANCA spring,BRAGANCA,spring,0.3787395710441628,0.6264689439092131,0.3248366849725235
BRAGANCA summer,BRAGANCA,summer,0.9736574260267453,0.6316102107097082,0.26413973459937296
BRAGANCA autumn,BRAGANCA,autumn,0.8500459821790172,0.4649203227089984,0.24374182038280412
BRAGANCA winter,BRAGANCA,winter,0.431445987199893,0.5457608343342621,0.28184482020037077
BRINDISI all,BRINDISI,all,0.6105169206125165,0.5760608261604624,0.5730367867543827
BRINDISI spring,BRINDISI,spring,0.786716379667957,0.5955712601891348,0.5948620120743277
BRINDISI summer,BRINDISI,summer,0.9696846955324202,0.6996492187795585,0.28867222807962467
BRINDISI autumn,BRINDISI,autumn,0.7869180015575653,0.5598721752924515,0.5590116055992036
BRINDISI winter,BRINDISI,winter,0.10860639763504856,0.801462015150966,0.5258901917748219
BUCURESTI FILARET all,BUCURESTI FILARET,all,0.2873520563463628,0.5710679536360932,0.5698686635630587
BUCURESTI FILARET spring,BUCURESTI FILARET,spring,0.27350450567271883,0.5451656375892482,0.5440041493609952
BUCURESTI FILARET summer,BUCURESTI FILARET,summer,0.2732303422520011,0.6159118566634788,0.6145231446931527
BUCURESTI FILARET autumn,BUCURESTI FILARET,autumn,0.5535302827967042,0.5908873237474922,0.5887272228499417
BUCURESTI FILARET winter,BUCURESTI FILARET,winter,0.3939393603308895,0.5376513255587414,0.5371962254334753
BUCURESTI-BANEASA all,BUCURESTI-BANEASA,all,0.27343542270205806,0.5807602367009008,0.5689838111269003
BUCURESTI-BANEASA spring,BUCURESTI-BANEASA,spring,0.2734968838178676,0.5639220770637682,0.5516783313277527
BUCURESTI-BANEASA summer,BUCURESTI-BANEASA,summer,0.5525548605987588,0.6108088391518928,0.6100411826362686
BUCURESTI-BANEASA autumn,BUCURESTI-BANEASA,autumn,0.834374842606579,0.6174510642675937,0.4062656149491625
BUCURESTI-BANEASA winter,BUCURESTI-BANEASA,winter,0.5538597177283878,0.5549718920245449,0.5541288131398698
BURGAS all,BURGAS,all,0.2890749154326675,0.568637566613433,0.5640990417367063
BURGAS spring,BURGAS,spring,0.2735567372162581,0.5292705444930785,0.5269174249755942
BURGAS summer,BURGAS,summer,0.7874170070110601,0.66754031977229,0.5935996112724211
BURGAS autumn,BURGAS,autumn,0.7860540629755528,0.5805269143116949,0.4964548575631283
BURGAS winter,BURGAS,winter,0.5541894129916856,0.549076467367132,0.5485400769336424
BURGOS AEROPUERTO all,BURGOS AEROPUERTO,all,0.7871111733624427,0.4354491558695674,0.3754511730206346
BURGOS AEROPUERTO spring,BURGOS AEROPUERTO,spring,0.7874428288796437,0.4019321128139709,0.40046530240785
BURGOS AEROPUERTO summer,BURGOS AEROPUERTO,summer,0.9680663173695412,0.5542186796399519,0.30643871896940095
BURGOS AEROPUERTO autumn,BURGOS AEROPUERTO,autumn,0.2944658746301419,0.4175554983955593,0.4137503228956478
BURGOS AEROPUERTO winter,BURGOS AEROPUERTO,winter,0.2952909979634931,0.3926713201519596,0.3872942134096095
BURSA all,BURSA,all,0.6082336313817499,0.4973213318178556,0.49698075970159505
BURSA spring,BURSA,spring,0.4169719258265034,0.4939330869918045,0.4936358575506821
BURSA summer,BURSA,summer,0.32713495420643757,0.6403120838126674,0.6358702953299809
BURSA autumn,BURSA,autumn,0.4176323230524129,0.516839617300473,0.5166246785206895
BURSA winter,BURSA,winter,0.27373791341456777,0.446789976908918,0.44654741732459385
CADIZ all,CADIZ,all,0.8216164267771432,0.5062942718496555,0.29996391797008204
CADIZ spring,CADIZ,spring,0.7995167193114918,0.5042976867002501,0.3825610248721239
CADIZ summer,CADIZ,summer,0.3774563420151312,0.8984154453437388,0.5431704686246115
CADIZ autumn,CADIZ,autumn,0.9038847100852584,0.48638727795672726,0.3459592703503528
CADIZ winter,CADIZ,winter,0.2796539763443778,0.7336635353172355,0.3486806388487801
CALAMOCHA  AERODROMO all,CALAMOCHA  AERODROMO,all,0.3994339565789816,0.512948550089517,0.5125132794663817
CALAMOCHA  AERODROMO spring,CALAMOCHA  AERODROMO,spring,0.6078422044338696,0.48047539109474985,0.48008674660250295
CALAMOCHA  AERODROMO summer,CALAMOCHA  AERODROMO,summer,0.2884494186468027,0.5513999263152922,0.5510924446535558
CALAMOCHA  AERODROMO autumn,CALAMOCHA  AERODROMO,autumn,0.7641293598008974,0.5153480714042092,0.5150758769205587
CALAMOCHA  AERODROMO winter,CALAMOCHA  AERODROMO,winter,0.2903715778050048,0.5214984982622833,0.5199067365892994
CALARASI all,CALARASI,all,0.28674851756620406,0.6055029612451721,0.59749418026391
CALARASI spring,CALARASI,spring,0.7866155501544908,0.605014477578436,0.5294118695195406
CALARASI summer,CALARASI,summer,0.7701151584194277,0.6423718685162079,0.641552350242256
CALARASI autumn,CALARASI,autumn,0.7858755909929923,0.6163989896227986,0.5321309012273713
CALARASI winter,CALARASI,winter,0.7868251105163019,0.5772063531986462,0.5731455708881978
CAMPDEVANOL all,CAMPDEVANOL,all,0.4005997276202151,0.5516980326134503,0.48511144856000055
CAMPDEVANOL spring,CAMPDEVANOL,spring,0.26995133922331865,0.5317912668922022,0.4325656423398534
CAMPDEVANOL summer,CAMPDEVANOL,summer,0.7864095075400481,0.5496271787591417,0.4266727180495145
CAMPDEVANOL autumn,CAMPDEVANOL,autumn,0.7578486698292126,0.5486035482207602,0.5469273859968176
CAMPDEVANOL winter,CAMPDEVANOL,winter,0.2734972041151465,0.5469033635325047,0.546296116819249
CAMPI all,CAMPI,all,0.4644329048718734,0.5950708189761995,0.2311043961572962
CAMPI spring,CAMPI,spring,0.20111716535282703,0.8510171958602709,0.26780300520941513
CAMPI summer,CAMPI,summer,0.6138336223813283,0.6902534148446087,0.419756571881693
CAMPI autumn,CAMPI,autumn,0.42373731873773113,0.549819778082197,0.24792177442641256
CAMPI winter,CAMPI,winter,0.4203718440663738,0.5121297723384889,0.19152936764107412
CANAKKALE all,CANAKKALE,all,0.3934321518432844,0.5546764503386774,0.5542023822248949
CANAKKALE spring,CANAKKALE,spring,0.5537242058290636,0.571401154795742,0.5711563222532052
CANAKKALE summer,CANAKKALE,summer,0.9680795633450158,0.7604009646934328,0.3150706325664615
CANAKKALE autumn,CANAKKALE,autumn,0.7778247238891972,0.5658964189203524,0.562401913600568
CANAKKALE winter,CANAKKALE,winter,0.4171005198655009,0.5021048145365723,0.5019068290579423
CAP CEPET all,CAP CEPET,all,0.7868220820031506,0.5697944665904511,0.5503594134070651
CAP CEPET spring,CAP CEPET,spring,0.775589458832802,0.5977285168156546,0.5971133714883486
CAP CEPET summer,CAP CEPET,summer,0.23737729813758235,0.9999999982237034,0.6663714247001982
CAP CEPET autumn,CAP CEPET,autumn,0.8134853845803617,0.5985929587103265,0.38039430730086626
CAP CEPET winter,CAP CEPET,winter,0.2899781963123057,0.5169279243708691,0.5165824110390437
CASTELLO - ALMASSORA all,CASTELLO - ALMASSORA,all,0.3220062352691144,0.5653803843165834,0.5617052439101419
CASTELLO - ALMASSORA spring,CASTELLO - ALMASSORA,spring,0.6094744592979029,0.5375233440610779,0.5369379064157703
CASTELLO - ALMASSORA summer,CASTELLO - ALMASSORA,summer,0.42752921169127817,0.6762577775690669,0.6749294134182057
CASTELLO - ALMASSORA autumn,CASTELLO - ALMASSORA,autumn,0.2887852851302589,0.5514019861937516,0.5507158745962838
CASTELLO - ALMASSORA winter,CASTELLO - ALMASSORA,winter,0.13283436678453497,0.9999774999878204,0.49115187112156555
CATANIA/SIGONELLA all,CATANIA/SIGONELLA,all,0.7986984565873713,0.6345380765864853,0.47337906032849913
CATANIA/SIGONELLA spring,CATANIA/SIGONELLA,spring,0.7866016110682232,0.6128974989567864,0.6124844857743391
CATANIA/SIGONELLA summer,CATANIA/SIGONELLA,summer,0.4386304358878276,0.8015033651574363,0.8008498379860591
CATANIA/SIGONELLA autumn,CATANIA/SIGONELLA,autumn,0.4161164115565441,0.7843128689381833,0.48203100495828954
CATANIA/SIGONELLA winter,CATANIA/SIGONELLA,winter,0.8329072850855457,0.5760070793117742,0.46049915092403904
CATUS all,CATUS,all,0.7112643484809081,0.5667847292986482,0.3315767769242751
CATUS spring,CATUS,spring,0.4263293159062061,0.5880851799354145,0.3814966031256823
CATUS summer,CATUS,summer,0.9896240590883334,0.602207064540302,0.2171348498729993
CATUS autumn,CATUS,autumn,0.28549683490699895,0.726226377232434,0.41232335628642963
CATUS winter,CATUS,winter,0.7588332636521036,0.49684213960509893,0.2695307164485019
CHANIA all,CHANIA,all,0.32016740449730374,0.466153008183961,0.46221867690067286
CHANIA spring,CHANIA,spring,0.41922247719438444,0.5424312112365433,0.5420714677878888
CHANIA summer,CHANIA,summer,0.3152781781038744,0.8086533636628168,0.8084449377556138
CHANIA autumn,CHANIA,autumn,0.27364464442045494,0.491745226105894,0.4913764005977118
CHANIA winter,CHANIA,winter,0.7640222718080055,0.4082142936434155,0.4062743702963997
CHERNI VRAH all,CHERNI VRAH,all,0.7605215118514824,0.43593228780744425,0.3304527961728034
CHERNI VRAH spring,CHERNI VRAH,spring,0.09382960068122229,0.7323886554568948,0.3678819534165041
CHERNI VRAH summer,CHERNI VRAH,summer,0.6067730743523108,0.44957499251492156,0.4483339486836136
CHERNI VRAH autumn,CHERNI VRAH,autumn,0.9771492048175547,0.4678003361934038,0.15437087805404712
CHERNI VRAH winter,CHERNI VRAH,winter,0.7839315262547274,0.3706373607187218,0.3632625786726549
CHIRPAN all,CHIRPAN,all,0.28834000847689306,0.5540911396683641,0.5534732442272154
CHIRPAN spring,CHIRPAN,spring,0.3935103866134272,0.5464983049547728,0.5458989794660516
CHIRPAN summer,CHIRPAN,summer,0.7685774411434018,0.6179945094336334,0.616495938759313
CHIRPAN autumn,CHIRPAN,autumn,0.3918310746082059,0.5331701062834904,0.5326385687206592
CHIRPAN winter,CHIRPAN,winter,0.7801204806931797,0.5236150714294723,0.5232997511501511
CIGLI all,CIGLI,all,0.7787808664364788,0.551306396116164,0.550511028082108
CIGLI spring,CIGLI,spring,0.762916763514358,0.6019805482377567,0.6016610163977301
CIGLI summer,CIGLI,summer,0.27208371885734334,0.7408367586946921,0.7407048571215966
CIGLI autumn,CIGLI,autumn,0.6105447192320934,0.5736446258302395,0.573135733660131
CIGLI winter,CIGLI,winter,0.7811365222812449,0.49567502639600625,0.49508448024879087
CIUDAD REAL all,CIUDAD REAL,all,0.7871227711725125,0.468626918339029,0.3833344261826444
CIUDAD REAL spring,CIUDAD REAL,spring,0.7832262174423451,0.4142752384409153,0.41376599812541404
CIUDAD REAL summer,CIUDAD REAL,summer,0.7862830520089327,0.6505469724763944,0.6499990727595211
CIUDAD REAL autumn,CIUDAD REAL,autumn,0.4154783183821519,0.46037988818809356,0.4597625076084935
CIUDAD REAL winter,CIUDAD REAL,winter,0.8376407222324845,0.4611647818887332,0.2762620703233793
COIMBRA / INST. GEOFIS. all,COIMBRA / INST. GEOFIS.,all,0.45497192352390237,0.6130646249724575,0.28697546497234444
COIMBRA / INST. GEOFIS. spring,COIMBRA / INST. GEOFIS.,spring,0.42489443401127663,0.6092760264171069,0.2922347629460319
COIMBRA / INST. GEOFIS. summer,COIMBRA / INST. GEOFIS.,summer,0.6243143496251476,0.789455963602409,0.46078183491785657
COIMBRA / INST. GEOFIS. autumn,COIMBRA / INST. GEOFIS.,autumn,0.2968871423629344,0.6017907199093696,0.3334925080744535
COIMBRA / INST. GEOFIS. winter,COIMBRA / INST. GEOFIS.,winter,0.483586805595295,0.46018735318134707,0.23949743996063746
CONSTANTA all,CONSTANTA,all,0.2732071854341142,0.6372242713179763,0.6225812767617629
CONSTANTA spring,CONSTANTA,spring,0.32574515605834453,0.6172045434999501,0.613338144498923
CONSTANTA summer,CONSTANTA,summer,0.7857349458434946,0.695076768196607,0.6925663695580514
CONSTANTA autumn,CONSTANTA,autumn,0.7860760140840181,0.6552003092859433,0.5218089729411761
CONSTANTA winter,CONSTANTA,winter,0.7761398296205907,0.5913790810921781,0.5899670406827993
CORDOBA AEROPUERTO all,CORDOBA AEROPUERTO,all,0.8725262256784263,0.4523815419807486,0.28519757381667143
CORDOBA AEROPUERTO spring,CORDOBA AEROPUERTO,spring,0.7620170213242067,0.4427591835443259,0.3455022994212328
CORDOBA AEROPUERTO summer,CORDOBA AEROPUERTO,summer,0.321040427622309,0.640035100888766,0.6397042460462627
CORDOBA AEROPUERTO autumn,CORDOBA AEROPUERTO,autumn,0.8691080900288846,0.4500365677678961,0.33481328895243617
CORDOBA AEROPUERTO winter,CORDOBA AEROPUERTO,winter,0.8700398564030278,0.4196738728510424,0.25994292329341145
CORFU all,CORFU,all,0.5613973914062121,0.5739641825895071,0.37083579035406905
CORFU spring,CORFU,spring,0.31787428745887236,0.5442624770901076,0.5429059770722193
CORFU summer,CORFU,summer,0.7844601331994867,0.752913035700399,0.752430551260541
CORFU autumn,CORFU,autumn,0.9582179997038119,0.46351054306382194,0.1768658160236055
CORFU winter,CORFU,winter,0.7874647629556298,0.38959281739545415,0.38614994204526004
CRAIOVA all,CRAIOVA,all,0.5546697957351283,0.5515300773649301,0.5492460209967193
CRAIOVA spring,CRAIOVA,spring,0.2735314268284424,0.5378406437077012,0.5354675332787184
CRAIOVA summer,CRAIOVA,summer,0.2731965037338925,0.6259004026121056,0.6226922233694081
CRAIOVA autumn,CRAIOVA,autumn,0.7576425447855276,0.587583887563136,0.430820716300232
CRAIOVA winter,CRAIOVA,winter,0.7871446176090675,0.507597590822837,0.5072655686994239
CUENCA all,CUENCA,all,0.7850035144226355,0.4854164968756451,0.3520828674700474
CUENCA spring,CUENCA,spring,0.3154937168495662,0.42932261705176566,0.4287570225896225
CUENCA summer,CUENCA,summer,0.9126840360116047,0.6345819092788164,0.4276429537093267
CUENCA autumn,CUENCA,autumn,0.2737230981361573,0.4561148617357688,0.4550059359396278
CUENCA winter,CUENCA,winter,0.6084876180762946,0.4890465436065999,0.3039632144943543
DAROCA all,DAROCA,all,0.2904818024902476,0.5227146089423425,0.5213595578170025
DAROCA spring,DAROCA,spring,0.7872806840725672,0.4656316555648791,0.464557956266807
DAROCA summer,DAROCA,summer,0.5532599714769734,0.5847791181016845,0.5841068037523801
DAROCA autumn,DAROCA,autumn,0.6089500205895232,0.5225409117352495,0.5220021512222247
DAROCA winter,DAROCA,winter,0.3956553473835386,0.5472410489047785,0.5459412239639516
DENIZLI all,DENIZLI,all,0.2735419399682125,0.5313965535523179,0.5310892761046621
DENIZLI spring,DENIZLI,spring,0.7795769933378789,0.535740287648532,0.5353657513448226
DENIZLI summer,DENIZLI,summer,0.7507323365526456,0.6554625439794491,0.6543001632543108
DENIZLI autumn,DENIZLI,autumn,0.7763405296039037,0.5898600328853771,0.5896468200937198
DENIZLI winter,DENIZLI,winter,0.6073668528198977,0.4644774681900296,0.464329795135635
DIKILI all,DIKILI,all,0.2735386873616219,0.5462771978611902,0.5364202717609564
DIKILI spring,DIKILI,spring,0.7869201160324838,0.5596484182387643,0.5587839187560623
DIKILI summer,DIKILI,summer,0.26934805703297293,0.8197691475684614,0.8186696637154882
DIKILI autumn,DIKILI,autumn,0.7604464382659347,0.5530421932174966,0.5522967487912585
DIKILI winter,DIKILI,winter,0.6078436079132358,0.4858247839975357,0.48415727242529083
DONOSTIA SAN SEBASTIAN IGELDO all,DONOSTIA SAN SEBASTIAN IGELDO,all,0.9315729668838796,0.3730185535037886,0.19538053765505334
DONOSTIA SAN SEBASTIAN IGELDO spring,DONOSTIA SAN SEBASTIAN IGELDO,spring,0.2739205786769451,0.3401214370472955,0.33350601781183703
DONOSTIA SAN SEBASTIAN IGELDO summer,DONOSTIA SAN SEBASTIAN IGELDO,summer,0.5570008063633632,0.4337509026452037,0.43280944611688116
DONOSTIA SAN SEBASTIAN IGELDO autumn,DONOSTIA SAN SEBASTIAN IGELDO,autumn,0.3256783943395142,0.47550334895366747,0.31196656078997237
DONOSTIA SAN SEBASTIAN IGELDO winter,DONOSTIA SAN SEBASTIAN IGELDO,winter,0.893513349030738,0.3283839354248662,0.16506895829354742
DRAGOMAN all,DRAGOMAN,all,0.7871067051754989,0.5146492066678936,0.509868723921282
DRAGOMAN spring,DRAGOMAN,spring,0.20170007018724478,0.7079324918604043,0.45681507847732195
DRAGOMAN summer,DRAGOMAN,summer,0.26106929072625057,0.750471399768176,0.5081321918053265
DRAGOMAN autumn,DRAGOMAN,autumn,0.7808618302145736,0.5003824940047586,0.49864178863279235
DRAGOMAN winter,DRAGOMAN,winter,0.7618085595065962,0.513043975109697,0.5127040331964371
DROBETA TURNU SEVERIN all,DROBETA TURNU SEVERIN,all,0.8356448259575858,0.5529044650316465,0.4016231215993328
DROBETA TURNU SEVERIN spring,DROBETA TURNU SEVERIN,spring,0.6088575965611783,0.5189830647963487,0.5184115718249207
DROBETA TURNU SEVERIN summer,DROBETA TURNU SEVERIN,summer,0.7857095684664543,0.648601543454639,0.5486867113241866
DROBETA TURNU SEVERIN autumn,DROBETA TURNU SEVERIN,autumn,0.9394648890768447,0.5319729955962897,0.2775237238358893
DROBETA TURNU SEVERIN winter,DROBETA TURNU SEVERIN,winter,0.17327413481391382,0.6576770758089998,0.4295249321847546
DUBROVNIK all,DUBROVNIK,all,0.7002211863289162,0.5415167656023092,0.35560913312928677
DUBROVNIK spring,DUBROVNIK,spring,0.2736526531155856,0.505328912802449,0.49489188982228627
DUBROVNIK summer,DUBROVNIK,summer,0.5515929782080052,0.7230654258160585,0.5711731627137553
DUBROVNIK autumn,DUBROVNIK,autumn,0.2867643520219486,0.6186130093318115,0.39719107305110485
DUBROVNIK winter,DUBROVNIK,winter,0.6054714402742598,0.43580836715161236,0.34464066940224525
EDIRNE all,EDIRNE,all,0.7626137496669237,0.5592387571120844,0.5585639470610024
EDIRNE spring,EDIRNE,spring,0.6100906150762029,0.5591053905596297,0.5586488982547184
EDIRNE summer,EDIRNE,summer,0.8601615260304383,0.6708891208312707,0.5479742371969739
EDIRNE autumn,EDIRNE,autumn,0.762518724458352,0.5377469180213379,0.5374813361100811
EDIRNE winter,EDIRNE,winter,0.2735691652959439,0.5225531166502305,0.5219450664937678
ELEFSIS all,ELEFSIS,all,0.7416900372689506,0.6714269996101828,0.4703396072868441
ELEFSIS spring,ELEFSIS,spring,0.1215076046028728,0.9990644397384418,0.5534719032206337
ELEFSIS summer,ELEFSIS,summer,0.5380961173127862,0.7542086542476333,0.7539699145235488
ELEFSIS autumn,ELEFSIS,autumn,0.6884832117111825,0.7316052397252736,0.5060025764642223
ELEFSIS winter,ELEFSIS,winter,0.8288469879383736,0.6183281006668927,0.3949580105443897
ELHOVO all,ELHOVO,all,0.39677723847071,0.5276313811205054,0.5257768686035428
ELHOVO spring,ELHOVO,spring,0.27359882603776714,0.5171646793096248,0.5119659842557582
ELHOVO summer,ELHOVO,summer,0.2733267611277199,0.5935582766800677,0.5930933285776988
ELHOVO autumn,ELHOVO,autumn,0.7864660923725865,0.5116673491618278,0.44215890313474254
ELHOVO winter,ELHOVO,winter,0.787126352394085,0.5118117773460251,0.511180584091738
EMBRUN all,EMBRUN,all,0.786993504968574,0.543739322157311,0.5409437861783436
EMBRUN spring,EMBRUN,spring,0.3965628398505364,0.5241301782217336,0.5231205836004901
EMBRUN summer,EMBRUN,summer,0.956802856706302,0.6303320265812675,0.4012782043524231
EMBRUN autumn,EMBRUN,autumn,0.4186378659143214,0.5247304125025298,0.5225871131961702
EMBRUN winter,EMBRUN,winter,0.6085507426080605,0.5100999321518455,0.5095035872333668
ENCISO all,ENCISO,all,0.9471207924426901,0.6073123615146796,0.3193019635540071
ENCISO spring,ENCISO,spring,0.9487124833612007,0.5894726859267103,0.29498618831581236
ENCISO summer,ENCISO,summer,0.9367452754333491,0.6652727417618407,0.3387432650286996
ENCISO autumn,ENCISO,autumn,0.9867773951464167,0.5727389558174171,0.1986444735970675
ENCISO winter,ENCISO,winter,0.7834542664420586,0.6381002332735346,0.4501693822072994
ESCUELA NAVAL DE MARIN all,ESCUELA NAVAL DE MARIN,all,0.491158402967417,0.5660006789506113,0.22848975921815182
ESCUELA NAVAL DE MARIN spring,ESCUELA NAVAL DE MARIN,spring,0.6098522142975279,0.42550531453230067,0.23167933388600864
ESCUELA NAVAL DE MARIN summer,ESCUELA NAVAL DE MARIN,summer,0.2644351476445881,0.8382117442247664,0.45203413536186543
ESCUELA NAVAL DE MARIN autumn,ESCUELA NAVAL DE MARIN,autumn,0.3628734159411889,0.6644823847756846,0.2355456303732272
ESCUELA NAVAL DE MARIN winter,ESCUELA NAVAL DE MARIN,winter,0.363769494038562,0.5843563800291037,0.19823848800909757
ESPOEY all,ESPOEY,all,0.7797820866928145,0.4672057273818453,0.29462995563185146
ESPOEY spring,ESPOEY,spring,0.6050573972428812,0.4134214435404391,0.3308638228300741
ESPOEY summer,ESPOEY,summer,0.32027159119709225,0.5051342272233903,0.5033105905920361
ESPOEY autumn,ESPOEY,autumn,0.4217515726679235,0.5832256588731499,0.349714486506623
ESPOEY winter,ESPOEY,winter,0.7943526085870745,0.4248764232311056,0.2531243259299569
ESTACION DE TORTOSA (ROQUETES) all,ESTACION DE TORTOSA (ROQUETES),all,0.6091401848642107,0.5250485228671056,0.5236335482607851
ESTACION DE TORTOSA (ROQUETES) spring,ESTACION DE TORTOSA (ROQUETES),spring,0.7872057245024701,0.48951882114411577,0.4885304944871134
ESTACION DE TORTOSA (ROQUETES) summer,ESTACION DE TORTOSA (ROQUETES),summer,0.42445379110810694,0.6271126140366432,0.6263621278099492
ESTACION DE TORTOSA (ROQUETES) autumn,ESTACION DE TORTOSA (ROQUETES),autumn,0.3998278359737698,0.5064708026439738,0.5060345930689154
ESTACION DE TORTOSA (ROQUETES) winter,ESTACION DE TORTOSA (ROQUETES),winter,0.7804688089369107,0.5115994285367053,0.5037360704099202
EXTREMO all,EXTREMO,all,0.5579437103655425,0.4985300572820358,0.190764631879468
EXTREMO spring,EXTREMO,spring,0.3232718886879766,0.5925191069955963,0.2265581439508119
EXTREMO summer,EXTREMO,summer,0.12380526603620612,0.9979789498504427,0.4714910246418964
EXTREMO autumn,EXTREMO,autumn,0.36377787825501895,0.5930528287688608,0.21486587668918475
EXTREMO winter,EXTREMO,winter,0.5975135026988039,0.3678253945198061,0.145544641786757
FISTERRA all,FISTERRA,all,0.49064725273503684,0.5426222896358279,0.2511144163852499
FISTERRA spring,FISTERRA,spring,0.354635762579358,0.5760687208408514,0.266316622914866
FISTERRA summer,FISTERRA,summer,0.13154401583368144,0.96688217453461,0.500266055725604
FISTERRA autumn,FISTERRA,autumn,0.4497996116099614,0.4776928876860585,0.25801986661091536
FISTERRA winter,FISTERRA,winter,0.3165951241436727,0.5183722318616149,0.23048998689692485
FOLGOSO DO COUREL all,FOLGOSO DO COUREL,all,0.5170706904061522,0.5049881153381406,0.22117503390795393
FOLGOSO DO COUREL spring,FOLGOSO DO COUREL,spring,0.4276904759986797,0.4576181108558289,0.24762714306036177
FOLGOSO DO COUREL summer,FOLGOSO DO COUREL,summer,0.8913619472468356,0.567476166518531,0.25047596280803586
FOLGOSO DO COUREL autumn,FOLGOSO DO COUREL,autumn,0.4080598257147392,0.5390174759018211,0.2284144575430751
FOLGOSO DO COUREL winter,FOLGOSO DO COUREL,winter,0.5703262544353754,0.3683888542771136,0.17926575408574866
GAFANHA DA NAZAR all,GAFANHA DA NAZAR,all,0.490540467603662,0.5547055665873388,0.24010885458944967
GAFANHA DA NAZAR spring,GAFANHA DA NAZAR,spring,0.3512910407071105,0.622964354861741,0.29031701806280963
GAFANHA DA NAZAR summer,GAFANHA DA NAZAR,summer,0.7123072872225898,0.7288913862154229,0.39867832705331807
GAFANHA DA NAZAR autumn,GAFANHA DA NAZAR,autumn,0.5008893038242042,0.5066130986899668,0.24185941114902337
GAFANHA DA NAZAR winter,GAFANHA DA NAZAR,winter,0.37124429026293276,0.45498317919649933,0.215310395789443
GENOA all,GENOA,all,0.3289917501160491,0.6542806654027141,0.4810577522278579
GENOA spring,GENOA,spring,0.2735184791277192,0.5410253487672873,0.5394994646949336
GENOA summer,GENOA,summer,0.782673534240955,0.7634389478726045,0.5019956523306581
GENOA autumn,GENOA,autumn,0.4195490451868834,0.556961225117129,0.4260259943009708
GENOA winter,GENOA,winter,0.27368270745137907,0.47558912189198416,0.4747034757397148
GETAFE all,GETAFE,all,0.7847406232267173,0.5015541695278508,0.346736555483698
GETAFE spring,GETAFE,spring,0.7873516444362888,0.43997222564323735,0.43916524470682655
GETAFE summer,GETAFE,summer,0.8763127372029265,0.6497249594907613,0.4425337402227682
GETAFE autumn,GETAFE,autumn,0.8898609090118493,0.4750305870866706,0.34224485277299244
GETAFE winter,GETAFE,winter,0.478576166116209,0.5708794581136097,0.34101540607934977
GIJON. LA MERCED all,GIJON. LA MERCED,all,0.9763074109979503,0.361330996952549,0.14287637679064336
GIJON. LA MERCED spring,GIJON. LA MERCED,spring,0.6046116432164358,0.34963600319582033,0.3493907135438477
GIJON. LA MERCED summer,GIJON. LA MERCED,summer,0.7818889566842709,0.47337419206913023,0.4731869200420273
GIJON. LA MERCED autumn,GIJON. LA MERCED,autumn,0.6050236441280147,0.4228289074689805,0.25665238632520704
GIJON. LA MERCED winter,GIJON. LA MERCED,winter,0.9598232072284981,0.30314439383794084,0.11647179640109448
GIRONA AEROPUERTO all,GIRONA AEROPUERTO,all,0.8291569620299094,0.5220046347177587,0.40784348713540525
GIRONA AEROPUERTO spring,GIRONA AEROPUERTO,spring,0.7838528226938513,0.5113520686048381,0.34075915572437426
GIRONA AEROPUERTO summer,GIRONA AEROPUERTO,summer,0.7788704041475423,0.550086783485235,0.5496945461282329
GIRONA AEROPUERTO autumn,GIRONA AEROPUERTO,autumn,0.5557963982481019,0.5649754748367495,0.44420299269495933
GIRONA AEROPUERTO winter,GIRONA AEROPUERTO,winter,0.4037414418582711,0.49636064520414686,0.4944997796390216
GOKCEADA all,GOKCEADA,all,0.7797658237400145,0.5320200175697338,0.531235919789483
GOKCEADA spring,GOKCEADA,spring,0.2735092836243652,0.541392520995417,0.5412796840247657
GOKCEADA summer,GOKCEADA,summer,0.4357860892901367,0.7674684429545106,0.7670660924203764
GOKCEADA autumn,GOKCEADA,autumn,0.843068484668976,0.539247397582747,0.4233213565353428
GOKCEADA winter,GOKCEADA,winter,0.2736786146897266,0.47666830741037386,0.4762918920503873
GOLCUK/DUMLUPINAR all,GOLCUK/DUMLUPINAR,all,0.3184301453477725,0.4794341347592416,0.4789256539292359
GOLCUK/DUMLUPINAR spring,GOLCUK/DUMLUPINAR,spring,0.4001268145739273,0.49424527176653704,0.49379639311947526
GOLCUK/DUMLUPINAR summer,GOLCUK/DUMLUPINAR,summer,0.786538374823775,0.6216519545263759,0.6213061201345875
GOLCUK/DUMLUPINAR autumn,GOLCUK/DUMLUPINAR,autumn,0.4153530027056343,0.4600642257648391,0.45982979969711507
GOLCUK/DUMLUPINAR winter,GOLCUK/DUMLUPINAR,winter,0.5569056803150024,0.4259255863289924,0.425611058556854
GOSPIC all,GOSPIC,all,0.7861626813130972,0.4645503468608282,0.3742068865090033
GOSPIC spring,GOSPIC,spring,0.7822289941395066,0.45885342082494546,0.4583279744079569
GOSPIC summer,GOSPIC,summer,0.20961869051222715,0.6947566875860203,0.53568303717552
GOSPIC autumn,GOSPIC,autumn,0.4110125617916621,0.384106781048327,0.38285411021844207
GOSPIC winter,GOSPIC,winter,0.12705953142754248,0.6924129332897337,0.3776733011888484
GOURDON all,GOURDON,all,0.33085732817528135,0.5888147970826408,0.37938629302415894
GOURDON spring,GOURDON,spring,0.27383095652286477,0.40839340745584385,0.40032451864413726
GOURDON summer,GOURDON,summer,0.7584778298191518,0.5844771802227746,0.40774024003529014
GOURDON autumn,GOURDON,autumn,0.1278696467985608,0.7369653152860797,0.40903927521899514
GOURDON winter,GOURDON,winter,0.2522957977429335,0.6107460928797415,0.3397488961872287
GRANADA BASE AEREA all,GRANADA BASE AEREA,all,0.7856693357973058,0.5128648094675826,0.3884509194390775
GRANADA BASE AEREA spring,GRANADA BASE AEREA,spring,0.7872853926297645,0.4631467819097176,0.4610756692791559
GRANADA BASE AEREA summer,GRANADA BASE AEREA,summer,0.21598793227401566,0.8171564105427725,0.6695712019426062
GRANADA BASE AEREA autumn,GRANADA BASE AEREA,autumn,0.29082383459863337,0.5126579953590037,0.5111560777435483
GRANADA BASE AEREA winter,GRANADA BASE AEREA,winter,0.785434261971797,0.47983072336084404,0.3353181351478146
GUADALAJARA  INSTITUTO all,GUADALAJARA  INSTITUTO,all,0.8109820919976052,0.525353704406709,0.33786088005016834
GUADALAJARA  INSTITUTO spring,GUADALAJARA  INSTITUTO,spring,0.8783689544489055,0.5219349083939134,0.25651949933790386
GUADALAJARA  INSTITUTO summer,GUADALAJARA  INSTITUTO,summer,0.4221635582301182,0.6013598307296915,0.6009788047751724
GUADALAJARA  INSTITUTO autumn,GUADALAJARA  INSTITUTO,autumn,0.5561782218228835,0.465682708746159,0.4649976637508141
GUADALAJARA  INSTITUTO winter,GUADALAJARA  INSTITUTO,winter,0.24557021822953806,0.689372244784798,0.3947441945661188
GUARDA all,GUARDA,all,0.4284648099921715,0.6836314460133732,0.2945558914738481
GUARDA spring,GUARDA,spring,0.2058049570885546,0.7522996759917937,0.32822266289618396
GUARDA summer,GUARDA,summer,0.7539827520004452,0.7456976508232753,0.35732653339385273
GUARDA autumn,GUARDA,autumn,0.27877996212146994,0.6726378810617581,0.3371521862720056
GUARDA winter,GUARDA,winter,0.475328981737869,0.6548616750982208,0.2424635156595527
HERAKLION all,HERAKLION,all,0.7578596834892867,0.5474131617941017,0.38166608681297526
HERAKLION spring,HERAKLION,spring,0.7882302098122714,0.5760507273874511,0.49301802520138077
HERAKLION summer,HERAKLION,summer,0.6247954101462524,0.8480986078477936,0.8473726701736274
HERAKLION autumn,HERAKLION,autumn,0.27363977658194943,0.4960489206616899,0.4943303100195852
HERAKLION winter,HERAKLION,winter,0.2883702638663328,0.6439037469752771,0.40908566755514725
HON all,HON,all,0.786586406954653,0.6154385748472506,0.6151858166682916
HON spring,HON,spring,0.28272956071785343,0.6112235653280987,0.6110667959199012
HON summer,HON,summer,0.6424011126907473,0.9999999999,0.9999999999
HON autumn,HON,autumn,0.6107865359713356,0.5834622291571822,0.5831311739246393
HON winter,HON,winter,0.42254209523268077,0.6129610460313071,0.6128609240419755
HUELVA all,HUELVA,all,0.42300110276295416,0.5574466016262972,0.3705174729891404
HUELVA spring,HUELVA,spring,0.2737885260468464,0.4185647935825979,0.4182011568608927
HUELVA summer,HUELVA,summer,0.27316965151953393,0.626677567982618,0.6262594701191577
HUELVA autumn,HUELVA,autumn,0.4230404106486061,0.7100633415244968,0.3680081240047389
HUELVA winter,HUELVA,winter,0.6569156744652401,0.506083690696912,0.29282917015894533
HVAR all,HVAR,all,0.8591910706477299,0.5747309954776472,0.39013056399477053
HVAR spring,HVAR,spring,0.964640195715871,0.5774468483517531,0.3069749848473234
HVAR summer,HVAR,summer,0.2706857948332729,0.7330309530414272,0.6781961213823483
HVAR autumn,HVAR,autumn,0.41851983087716166,0.5134284130765306,0.5107782472506734
HVAR winter,HVAR,winter,0.7595568022847187,0.5224004968704938,0.389315605598161
IBIZA  AEROPUERTO all,IBIZA  AEROPUERTO,all,0.5552127182273247,0.5178768924215613,0.5175753580769199
IBIZA  AEROPUERTO spring,IBIZA  AEROPUERTO,spring,0.7870024771758556,0.5426545880631206,0.5423220873064019
IBIZA  AEROPUERTO summer,IBIZA  AEROPUERTO,summer,0.5508912670386851,0.6382634635168382,0.6380701676660102
IBIZA  AEROPUERTO autumn,IBIZA  AEROPUERTO,autumn,0.273653203806228,0.4873674959106669,0.4871859187262617
IBIZA  AEROPUERTO winter,IBIZA  AEROPUERTO,winter,0.5558199897423105,0.49749387815667484,0.49703269297772096
IMSIK all,IMSIK,all,0.29225088561103035,0.4863289476555091,0.4848826039241985
IMSIK spring,IMSIK,spring,0.5538236694460715,0.5683606828746037,0.5680315476252782
IMSIK summer,IMSIK,summer,0.3536179926909575,0.9408538502119584,0.7074910266736247
IMSIK autumn,IMSIK,autumn,0.7660515838353729,0.52578557935211,0.5249816023437364
IMSIK winter,IMSIK,winter,0.6062516987783649,0.421483062372853,0.42100905717924086
IN-AMENAS all,IN-AMENAS,all,0.4287102788944419,0.7043805753233336,0.7041089136079153
IN-AMENAS spring,IN-AMENAS,spring,0.6153955498100392,0.6929985180463532,0.6927772114832429
IN-AMENAS summer,IN-AMENAS,summer,0.24049374182141625,0.9999999999,0.7139195773425718
IN-AMENAS autumn,IN-AMENAS,autumn,0.2727317236826443,0.6897976653019466,0.6891415757125874
IN-AMENAS winter,IN-AMENAS,winter,0.005954634731005659,0.7166114138405333,0.7157845556932921
IVAILO all,IVAILO,all,0.7580567077710311,0.5689339007607302,0.5667663613895526
IVAILO spring,IVAILO,spring,0.13569473213888522,0.871992473283149,0.5061807298098558
IVAILO summer,IVAILO,summer,0.6124753952750893,0.6295209607057212,0.6288037242569904
IVAILO autumn,IVAILO,autumn,0.7783891520255156,0.5589720106093378,0.5587030636120569
IVAILO winter,IVAILO,winter,0.2734646637330941,0.5578571750395909,0.5565827660327661
IZMIR/GUZELYALI all,IZMIR/GUZELYALI,all,0.27365176629157956,0.4893303464676154,0.488700095743344
IZMIR/GUZELYALI spring,IZMIR/GUZELYALI,spring,0.7869979266778525,0.5435551398569745,0.5431943976741446
IZMIR/GUZELYALI summer,IZMIR/GUZELYALI,summer,0.18266561535721648,0.9999989482373589,0.6871663720158735
IZMIR/GUZELYALI autumn,IZMIR/GUZELYALI,autumn,0.4189296071382332,0.538747913541173,0.5382552617436311
IZMIR/GUZELYALI winter,IZMIR/GUZELYALI,winter,0.7833542133334803,0.4100217116146042,0.4097731936036978
JENDOUBA all,JENDOUBA,all,0.4185443850863474,0.510388866874733,0.5091954325975986
JENDOUBA spring,JENDOUBA,spring,0.27356732599428873,0.5219493023590905,0.5217390693327147
JENDOUBA summer,JENDOUBA,summer,0.27852568882873996,0.9999999999,0.6488747810641272
JENDOUBA autumn,JENDOUBA,autumn,0.4181472635045137,0.5233014852725626,0.522951564702513
JENDOUBA winter,JENDOUBA,winter,0.3218334498582882,0.4488345158862906,0.44651909460427847
KAIROUAN all,KAIROUAN,all,0.3241690203661789,0.6997385162138823,0.6991144466587375
KAIROUAN spring,KAIROUAN,spring,0.5474651429718308,0.6875537912321551,0.6874349359868744
KAIROUAN summer,KAIROUAN,summer,0.3852798299172107,0.9999999999,0.6664265552703681
KAIROUAN autumn,KAIROUAN,autumn,0.42626359260465,0.6742000198702092,0.6739805317624002
KAIROUAN winter,KAIROUAN,winter,0.7241409395059633,0.8645818501685202,0.5011085070153525
KALIAKPA all,KALIAKPA,all,0.42079082144653834,0.5798486904125627,0.5788139106407926
KALIAKPA spring,KALIAKPA,spring,0.5539732563013177,0.5660872095712135,0.5654201161203064
KALIAKPA summer,KALIAKPA,summer,0.76476685944569,0.6638907085762925,0.657684884991615
KALIAKPA autumn,KALIAKPA,autumn,0.41716097534796986,0.509579586505605,0.5091785917945131
KALIAKPA winter,KALIAKPA,winter,0.7866475943535868,0.6060639539845224,0.6052874756081541
KNIN all,KNIN,all,0.2736843634802423,0.4912008819993108,0.481000720675832
KNIN spring,KNIN,spring,0.7872278866234115,0.4819609705368128,0.48059678227473207
KNIN summer,KNIN,summer,0.38982206816282483,0.591090375077872,0.5886718545768197
KNIN autumn,KNIN,autumn,0.7824176221502153,0.4500730521882468,0.4473564679730691
KNIN winter,KNIN,winter,0.4070368446389645,0.4467316659913166,0.4444175701687445
KORCA all,KORCA,all,0.40425368381540505,0.4875352524054079,0.48425700118176696
KORCA spring,KORCA,spring,0.6069973877771161,0.4597438349597749,0.4570704312069342
KORCA summer,KORCA,summer,0.5523742126378836,0.6035665850496058,0.6029842661903096
KORCA autumn,KORCA,autumn,0.7819837536950891,0.4611892421925955,0.4133266051819993
KORCA winter,KORCA,winter,0.403023452855906,0.48184808124186757,0.4814326628397091
KUMKOY all,KUMKOY,all,0.5560627531897947,0.4776471407052805,0.4767151022945743
KUMKOY spring,KUMKOY,spring,0.9670202029906138,0.5322841010224415,0.27871514571254163
KUMKOY summer,KUMKOY,summer,0.42060798706667396,0.5845488830658104,0.5843188547183525
KUMKOY autumn,KUMKOY,autumn,0.4150429929619863,0.44988749085169427,0.44950629552523486
KUMKOY winter,KUMKOY,winter,0.27377586980800284,0.4263849699580275,0.4258831354552112
KURDJALI all,KURDJALI,all,0.29066491919920157,0.5550648588254437,0.5475456189844394
KURDJALI spring,KURDJALI,spring,0.8416133518922136,0.5562429831222782,0.39675796514285544
KURDJALI summer,KURDJALI,summer,0.2732225329939002,0.6342823089558517,0.6196143101468047
KURDJALI autumn,KURDJALI,autumn,0.9754513671455726,0.5914987608491438,0.29533168707682556
KURDJALI winter,KURDJALI,winter,0.5554467703404758,0.5058445312418538,0.5055077548409621
KUSTENDIL all,KUSTENDIL,all,0.6092508705467865,0.5280786935287121,0.5260209720482207
KUSTENDIL spring,KUSTENDIL,spring,0.7871252312845333,0.5121241528210214,0.5114885490316379
KUSTENDIL summer,KUSTENDIL,summer,0.29329105668784544,0.6359769941381342,0.5062469420634677
KUSTENDIL autumn,KUSTENDIL,autumn,0.7724563883290263,0.5114577004085433,0.5102728308407022
KUSTENDIL winter,KUSTENDIL,winter,0.2741648286332296,0.6518887866628258,0.5199817884319324
LARISSA all,LARISSA,all,0.38668947996993086,0.5990763871223714,0.595981164576681
LARISSA spring,LARISSA,spring,0.7765489525530289,0.5862433671918539,0.5852517835356721
LARISSA summer,LARISSA,summer,0.7267177960834017,0.7239499092409046,0.72251676549697
LARISSA autumn,LARISSA,autumn,0.4203709913886537,0.5771660674202469,0.5757980173789238
LARISSA winter,LARISSA,winter,0.28856379150727524,0.5747943288662168,0.571473145265728
LASTOVO all,LASTOVO,all,0.882815939584936,0.5737582911687705,0.3756997293887887
LASTOVO spring,LASTOVO,spring,0.7784406973563722,0.557803080223815,0.5569592170151146
LASTOVO summer,LASTOVO,summer,0.7857084833782624,0.6965772074155281,0.6925685562880285
LASTOVO autumn,LASTOVO,autumn,0.9196747980880101,0.5624984974462083,0.3385907077477397
LASTOVO winter,LASTOVO,winter,0.7606353200993621,0.5193002596010206,0.3763434980065986
LISBOA GEOFISICA all,LISBOA GEOFISICA,all,0.4489739955165618,0.6594583860955592,0.32392983679860043
LISBOA GEOFISICA spring,LISBOA GEOFISICA,spring,0.39918616169951615,0.6390524977680822,0.3603771244690324
LISBOA GEOFISICA summer,LISBOA GEOFISICA,summer,0.9682822928875318,0.8033384711128851,0.3475722640287297
LISBOA GEOFISICA autumn,LISBOA GEOFISICA,autumn,0.16961635726482657,0.8938874031499991,0.37537300567815884
LISBOA GEOFISICA winter,LISBOA GEOFISICA,winter,0.4660790056838026,0.5384195937890794,0.2790371257681129
LLEIDA-AJUNTAMENT all,LLEIDA-AJUNTAMENT,all,0.9047861979391828,0.6901331208017351,0.3775996888294924
LLEIDA-AJUNTAMENT spring,LLEIDA-AJUNTAMENT,spring,0.7590201538055042,0.7010849845998747,0.38931988789427446
LLEIDA-AJUNTAMENT summer,LLEIDA-AJUNTAMENT,summer,0.02899045517195642,0.9999999999,0.7231206069995059
LLEIDA-AJUNTAMENT autumn,LLEIDA-AJUNTAMENT,autumn,0.5495120343966223,0.6587905173325033,0.6586565473665167
LLEIDA-AJUNTAMENT winter,LLEIDA-AJUNTAMENT,winter,0.7842511618580368,0.7692150099720471,0.38339598544346465
LOGRONO AEROPUERTO all,LOGRONO AEROPUERTO,all,0.939181827059178,0.4883800254104913,0.33366384024152507
LOGRONO AEROPUERTO spring,LOGRONO AEROPUERTO,spring,0.40484824841601197,0.4595923707268909,0.4582313121910779
LOGRONO AEROPUERTO summer,LOGRONO AEROPUERTO,summer,0.7769452065341717,0.5813072830485916,0.5802415965603659
LOGRONO AEROPUERTO autumn,LOGRONO AEROPUERTO,autumn,0.31951058467840676,0.46687408024604377,0.4661228304881293
LOGRONO AEROPUERTO winter,LOGRONO AEROPUERTO,winter,0.9950844480304538,0.4426152963582587,0.09936360853169283
LOM all,LOM,all,0.9213701365538763,0.5535644781521183,0.3651465363783099
LOM spring,LOM,spring,0.2736263884797757,0.5165178979919313,0.505717695633647
LOM summer,LOM,summer,0.7699089521655595,0.6431256144830831,0.6423218184789403
LOM autumn,LOM,autumn,0.3459705630036173,0.691727426277182,0.45719104431961155
LOM winter,LOM,winter,0.9961432889998321,0.4958972713086408,0.08959922599647326
LORCA all,LORCA,all,0.9834615300819831,0.6472462112278723,0.2795677417503791
LORCA spring,LORCA,spring,0.9657844531160602,0.6357782327844295,0.25587632206032773
LORCA summer,LORCA,summer,0.7300824465990743,0.7197367257485713,0.7189055781511073
LORCA autumn,LORCA,autumn,0.32203970235544266,0.6315550604972223,0.6308745542561963
LORCA winter,LORCA,winter,0.9030062863294034,0.6773160266430683,0.4238658515061375
LOVETCH all,LOVETCH,all,0.5548969803469868,0.5288515220909528,0.52781837731
LOVETCH spring,LOVETCH,spring,0.3980418028734838,0.49799187664242756,0.49649108639615275
LOVETCH summer,LOVETCH,summer,0.7618373654778575,0.571031645870602,0.5702239050244801
LOVETCH autumn,LOVETCH,autumn,0.3209542389762421,0.5302928640086138,0.529538767662705
LOVETCH winter,LOVETCH,winter,0.7623934109916352,0.5292360951079367,0.5283792777535535
LUGO AEROPUERTO all,LUGO AEROPUERTO,all,0.27405097479994556,0.6167113653055222,0.2713916048963932
LUGO AEROPUERTO spring,LUGO AEROPUERTO,spring,0.2860962354958812,0.45000737336103386,0.27419326796784077
LUGO AEROPUERTO summer,LUGO AEROPUERTO,summer,0.2976908102703253,0.6011816915622218,0.4477284557373908
LUGO AEROPUERTO autumn,LUGO AEROPUERTO,autumn,0.10638690465457412,0.7553320442751463,0.2843812861847554
LUGO AEROPUERTO winter,LUGO AEROPUERTO,winter,0.23530341717870432,0.6475170373128492,0.22998958660356233
MADRID RETIRO all,MADRID RETIRO,all,0.8581765188170276,0.5329550894071673,0.3336098152291653
MADRID RETIRO spring,MADRID RETIRO,spring,0.2737152581986909,0.4760322631942824,0.46628141230872555
MADRID RETIRO summer,MADRID RETIRO,summer,0.76923742984334,0.6472858140849956,0.6466758225522492
MADRID RETIRO autumn,MADRID RETIRO,autumn,0.8661603765263397,0.517540891501295,0.3873885139338054
MADRID RETIRO winter,MADRID RETIRO,winter,0.612460828187196,0.5703780190913059,0.33610689640447416
MAKEDONIA all,MAKEDONIA,all,0.8367197005860222,0.611565915028703,0.49489591579095144
MAKEDONIA spring,MAKEDONIA,spring,0.6107601801626745,0.5767268734667251,0.5760689072451789
MAKEDONIA summer,MAKEDONIA,summer,0.2615882883987689,0.7205046339668443,0.7198213988814913
MAKEDONIA autumn,MAKEDONIA,autumn,0.9530193574921538,0.5882052222790883,0.3556585324225662
MAKEDONIA winter,MAKEDONIA,winter,0.7863671164594102,0.5760151502048514,0.4648828265219438
MARIGNANE all,MARIGNANE,all,0.7867522812218369,0.6400100973548636,0.5531122269086153
MARIGNANE spring,MARIGNANE,spring,0.7578809482277604,0.6155569518799794,0.6121230332432759
MARIGNANE summer,MARIGNANE,summer,0.32584869401498107,0.757885025086539,0.7567178713057623
MARIGNANE autumn,MARIGNANE,autumn,0.8850199741629868,0.631570814287791,0.418400233861051
MARIGNANE winter,MARIGNANE,winter,0.27337237114135704,0.5826160578460504,0.5820116741326963
MARSEILLE OBS. PALAIS-LONCHAMP all,MARSEILLE OBS. PALAIS-LONCHAMP,all,0.7863108361924063,0.6313122931607064,0.5092630078768832
MARSEILLE OBS. PALAIS-LONCHAMP spring,MARSEILLE OBS. PALAIS-LONCHAMP,spring,0.32633403369102043,0.6126236260063013,0.6106296925413538
MARSEILLE OBS. PALAIS-LONCHAMP summer,MARSEILLE OBS. PALAIS-LONCHAMP,summer,0.7846774463151074,0.7498417693617964,0.6285108584857099
MARSEILLE OBS. PALAIS-LONCHAMP autumn,MARSEILLE OBS. PALAIS-LONCHAMP,autumn,0.7493979262895838,0.6707500405197991,0.4160897368508839
MARSEILLE OBS. PALAIS-LONCHAMP winter,MARSEILLE OBS. PALAIS-LONCHAMP,winter,0.39062251462498987,0.5562683035455912,0.555767967317502
METHONI all,METHONI,all,0.5615442035186132,0.5857606319236575,0.3738103767899112
METHONI spring,METHONI,spring,0.7632403052125739,0.5582563058981204,0.5552632409141913
METHONI summer,METHONI,summer,0.2981114797419653,0.8295825283519731,0.8291349001127798
METHONI autumn,METHONI,autumn,0.5492029453108316,0.6015587453827901,0.3687651605736264
METHONI winter,METHONI,winter,0.2810227505572611,0.5444628467264169,0.37603054352206855
MIDELT all,MIDELT,all,0.38578064784491606,0.6150630556509951,0.6140783089082109
MIDELT spring,MIDELT,spring,0.42524136505407945,0.6432243065736853,0.6430246561767482
MIDELT summer,MIDELT,summer,0.7857785657380271,0.6924747512816937,0.6916955982909745
MIDELT autumn,MIDELT,autumn,0.6103487656151239,0.5625530134835777,0.560225593562657
MIDELT winter,MIDELT,winter,0.7867728210743378,0.5860431254720139,0.584783380620159
MILLAU all,MILLAU,all,0.95120906304688,0.5223199781563792,0.2900971380059834
MILLAU spring,MILLAU,spring,0.3192678821007855,0.4831469618413735,0.4819337720701337
MILLAU summer,MILLAU,summer,0.7580737992334479,0.629154627504844,0.6285912741967021
MILLAU autumn,MILLAU,autumn,0.9341937851793145,0.5131382019132202,0.2889601553476236
MILLAU winter,MILLAU,winter,0.9468069514917288,0.47753853308866656,0.24252989128255828
MONT-DE-MARSAN all,MONT-DE-MARSAN,all,0.564357997142233,0.5288878153909597,0.32337328454245967
MONT-DE-MARSAN spring,MONT-DE-MARSAN,spring,0.7618604601459062,0.4004318773397747,0.3971854892725042
MONT-DE-MARSAN summer,MONT-DE-MARSAN,summer,0.7869174064699268,0.5399159937315103,0.4726384101727944
MONT-DE-MARSAN autumn,MONT-DE-MARSAN,autumn,0.47175441158107545,0.5989763119056246,0.32672781932366796
MONT-DE-MARSAN winter,MONT-DE-MARSAN,winter,0.759387078874683,0.4190391394250585,0.23039196777054746
MONTE S. ANGELO all,MONTE S. ANGELO,all,0.9961204410957807,0.7722314121448856,0.23045547286834442
MONTE S. ANGELO spring,MONTE S. ANGELO,spring,0.7159902974544684,0.7584969103119701,0.7582506942040044
MONTE S. ANGELO summer,MONTE S. ANGELO,summer,0.2797837541062039,0.9999983060769705,0.7415522482015051
MONTE S. ANGELO autumn,MONTE S. ANGELO,autumn,0.224096848470706,0.9999999371430528,0.7101634592230005
MONTE S. ANGELO winter,MONTE S. ANGELO,winter,0.9910732742352605,0.772673129766078,0.1804301946298966
MONTELIMAR all,MONTELIMAR,all,0.7869392048402679,0.5533981636436585,0.5448615320341612
MONTELIMAR spring,MONTELIMAR,spring,0.27173373041442117,0.6115687054699045,0.5040650018437447
MONTELIMAR summer,MONTELIMAR,summer,0.2729908488363043,0.6569858055128933,0.6563020251076919
MONTELIMAR autumn,MONTELIMAR,autumn,0.7871047569171272,0.5174025179966407,0.5161196824526172
MONTELIMAR winter,MONTELIMAR,winter,0.7870339938231399,0.5337804252662496,0.5320430834586302
MONTPELLIER-AEROPORT all,MONTPELLIER-AEROPORT,all,0.7866056362544848,0.6112183601546506,0.6060246995295698
MONTPELLIER-AEROPORT spring,MONTPELLIER-AEROPORT,spring,0.7867199446224346,0.5940930781391098,0.5918813372779873
MONTPELLIER-AEROPORT summer,MONTPELLIER-AEROPORT,summer,0.4376867545881806,0.7515970958830178,0.751338745590841
MONTPELLIER-AEROPORT autumn,MONTPELLIER-AEROPORT,autumn,0.756170925739824,0.577307761399353,0.5707420533132116
MONTPELLIER-AEROPORT winter,MONTPELLIER-AEROPORT,winter,0.5534510954717349,0.5739109051392978,0.5732994568995871
MONTSERRAT all,MONTSERRAT,all,0.7868390904691835,0.5747237479040694,0.5729906861379734
MONTSERRAT spring,MONTSERRAT,spring,0.787028956155808,0.5356649049042181,0.5344848620226379
MONTSERRAT summer,MONTSERRAT,summer,0.7862149511162232,0.657221769573612,0.6561798229438496
MONTSERRAT autumn,MONTSERRAT,autumn,0.7780791002017552,0.5626417477102877,0.5602616106878328
MONTSERRAT winter,MONTSERRAT,winter,0.2881611135525188,0.564923824712387,0.56438078069594
MORON DE LA FRONTERA all,MORON DE LA FRONTERA,all,0.7867493681675451,0.48209037528218845,0.3649590666150243
MORON DE LA FRONTERA spring,MORON DE LA FRONTERA,spring,0.6065475082774043,0.4424912482170986,0.44073135885375575
MORON DE LA FRONTERA summer,MORON DE LA FRONTERA,summer,0.32431158483943134,0.6321080580161919,0.6317530386896237
MORON DE LA FRONTERA autumn,MORON DE LA FRONTERA,autumn,0.7861406436549928,0.49987328903916195,0.3887029952248712
MORON DE LA FRONTERA winter,MORON DE LA FRONTERA,winter,0.9178007058374742,0.44886861884158724,0.27164391245028446
MOURGASH all,MOURGASH,all,0.9143769041682972,0.49701976387342245,0.3057794572430845
MOURGASH spring,MOURGASH,spring,0.8744387777752864,0.4582676966978064,0.2721975770267396
MOURGASH summer,MOURGASH,summer,0.7797526524077579,0.529674578931402,0.5284834028984512
MOURGASH autumn,MOURGASH,autumn,0.7810079792869119,0.49954775245644095,0.49832059999313616
MOURGASH winter,MOURGASH,winter,0.8132642252981729,0.5104328746347129,0.3247787414109085
MUGLA all,MUGLA,all,0.6074977711435566,0.47331290362854794,0.4720843255019416
MUGLA spring,MUGLA,spring,0.28969565653465873,0.5319197251471104,0.5302925640810646
MUGLA summer,MUGLA,summer,0.5874924997648306,0.9004595642590496,0.5900028469946031
MUGLA autumn,MUGLA,autumn,0.32069208766516355,0.49869385305873126,0.49811611587028787
MUGLA winter,MUGLA,winter,0.40797377854387085,0.3800163206608739,0.37986116112443175
NAVALVILLAR DE PELA all,NAVALVILLAR DE PELA,all,0.7502940658623387,0.5862971262201384,0.3317413087620297
NAVALVILLAR DE PELA spring,NAVALVILLAR DE PELA,spring,0.5424961589848315,0.5979729357461201,0.3696814406223288
NAVALVILLAR DE PELA summer,NAVALVILLAR DE PELA,summer,0.7503373656302517,0.65897394787844,0.6587368150506235
NAVALVILLAR DE PELA autumn,NAVALVILLAR DE PELA,autumn,0.9543778555139577,0.553029391038116,0.2495966907703669
NAVALVILLAR DE PELA winter,NAVALVILLAR DE PELA,winter,0.4403685794822304,0.7010528104317094,0.35713235265403337
NICE all,NICE,all,0.7857256230175553,0.5897767762492919,0.4721688230836886
NICE spring,NICE,spring,0.7863974142274405,0.5826376528776022,0.512398423192101
NICE summer,NICE,summer,0.6176679371873545,0.7377843643734685,0.7374000010222064
NICE autumn,NICE,autumn,0.22977829282397766,0.6348725819106894,0.49729979093841387
NICE winter,NICE,winter,0.3200301752846807,0.5067675833909406,0.5056513026016088
NIS all,NIS,all,0.29053234436827635,0.5437562675627526,0.5369625233178926
NIS spring,NIS,spring,0.2906982846475981,0.5175394577401259,0.5160901114582143
NIS summer,NIS,summer,0.7843590610827053,0.6640410790757073,0.4807011653928867
NIS autumn,NIS,autumn,0.32359445728511915,0.5208744080410139,0.5197655289410712
NIS winter,NIS,winter,0.3185016802672055,0.5197611072126052,0.5179398233431571
NOUASSEUR all,NOUASSEUR,all,0.21775889466503426,0.8344829501351447,0.4849918167796648
NOUASSEUR spring,NOUASSEUR,spring,0.8619555726360758,0.5973168159596233,0.45361223865085565
NOUASSEUR summer,NOUASSEUR,summer,0.8409869247478187,0.9999999999,0.9999999999
NOUASSEUR autumn,NOUASSEUR,autumn,0.5915213787732081,0.7867294275657193,0.4152225779155536
NOUASSEUR winter,NOUASSEUR,winter,0.29128494525324666,0.4624787499625121,0.46193585823346095
O PARAMO all,O PARAMO,all,0.46363378265625677,0.6382356452295443,0.31192589497398454
O PARAMO spring,O PARAMO,spring,0.4341844811810879,0.5583712942675133,0.3265832986732734
O PARAMO summer,O PARAMO,summer,0.40733306140847214,0.7369458154504037,0.48799986935718553
O PARAMO autumn,O PARAMO,autumn,0.3426721476668394,0.6815107518119609,0.3184953053328993
O PARAMO winter,O PARAMO,winter,0.3880328490675845,0.690877152529718,0.2883861024559796
ORAN-HOPITAL MILITAIRE all,ORAN-HOPITAL MILITAIRE,all,0.8088303938205712,0.5920325879544844,0.44435847221670477
ORAN-HOPITAL MILITAIRE spring,ORAN-HOPITAL MILITAIRE,spring,0.2593350872030397,0.7106716697115284,0.5271319252344158
ORAN-HOPITAL MILITAIRE summer,ORAN-HOPITAL MILITAIRE,summer,0.27271539547449636,0.6897009481435911,0.6896380091094054
ORAN-HOPITAL MILITAIRE autumn,ORAN-HOPITAL MILITAIRE,autumn,0.7866254818765416,0.610771223152575,0.6106167456632339
ORAN-HOPITAL MILITAIRE winter,ORAN-HOPITAL MILITAIRE,winter,0.6105002270151667,0.610848101908345,0.3924670540471343
ORYAHOVO all,ORYAHOVO,all,0.39384424062005485,0.5486188155377368,0.5474355602837749
ORYAHOVO spring,ORYAHOVO,spring,0.27357079241256954,0.5211296090311098,0.5207738725255012
ORYAHOVO summer,ORYAHOVO,summer,0.08941180757270145,0.9999539057226552,0.6049290251390871
ORYAHOVO autumn,ORYAHOVO,autumn,0.7870676521337767,0.5267511806679513,0.5259588997448823
ORYAHOVO winter,ORYAHOVO,winter,0.4020640501974021,0.5293296615135397,0.5262683189180631
OUARZAZATE all,OUARZAZATE,all,0.4226482722766336,0.6126693826940928,0.6120520486747341
OUARZAZATE spring,OUARZAZATE,spring,0.17315275577617237,0.9999798614935261,0.6387997774360947
OUARZAZATE summer,OUARZAZATE,summer,0.7860853915456981,0.6693663531637469,0.6690158221665246
OUARZAZATE autumn,OUARZAZATE,autumn,0.7867214209791618,0.5948191134752726,0.593767874704226
OUARZAZATE winter,OUARZAZATE,winter,0.7791433803844653,0.5455064644698979,0.5452714631881495
OUJDA all,OUJDA,all,0.5528307134647154,0.5829397552743176,0.5814226433654124
OUJDA spring,OUJDA,spring,0.4172802094634152,0.5074138486980525,0.5071265196639645
OUJDA summer,OUJDA,summer,0.7857649269655828,0.693631442550707,0.6932439290004384
OUJDA autumn,OUJDA,autumn,0.27806357213732996,0.648059714856687,0.6478209497169733
OUJDA winter,OUJDA,winter,0.26055477673588556,0.9999870998099579,0.5287292786708103
OURENSE all,OURENSE,all,0.7606089701992411,0.40362067577996774,0.22036169781834106
OURENSE spring,OURENSE,spring,0.9180077431466728,0.3632931267024767,0.1750988660726418
OURENSE summer,OURENSE,summer,0.2736552065181682,0.5030354766305907,0.49314137368260275
OURENSE autumn,OURENSE,autumn,0.8679893215696894,0.34213395052826956,0.2249201440126309
OURENSE winter,OURENSE,winter,0.4344978448786533,0.4767804066949813,0.23118894260455855
OVIEDO all,OVIEDO,all,0.41329679138569864,0.45000324308198275,0.3331452795389717
OVIEDO spring,OVIEDO,spring,0.41113352193147923,0.33389045417485386,0.3332201045097416
OVIEDO summer,OVIEDO,summer,0.31975859516588645,0.48096110901034483,0.4802056075541918
OVIEDO autumn,OVIEDO,autumn,0.43193034217668047,0.5161603534328469,0.3099650665922809
OVIEDO winter,OVIEDO,winter,0.2739200893003619,0.3405488088351566,0.3338818055145978
PALACIOS DE LA SIERRA all,PALACIOS DE LA SIERRA,all,0.5143652344769102,0.6247681307185129,0.3332067295963333
PALACIOS DE LA SIERRA spring,PALACIOS DE LA SIERRA,spring,0.31494110263831604,0.6204444164095648,0.35651272128918426
PALACIOS DE LA SIERRA summer,PALACIOS DE LA SIERRA,summer,0.755771304165334,0.6682998891260015,0.4313931007039161
PALACIOS DE LA SIERRA autumn,PALACIOS DE LA SIERRA,autumn,0.943908901357303,0.46662008593995946,0.20882060491442495
PALACIOS DE LA SIERRA winter,PALACIOS DE LA SIERRA,winter,0.37514230627641043,0.7282759785659844,0.30840929019330254
PALAU all,PALAU,all,0.33763956109108173,0.74562650992045,0.5078425588220589
PALAU spring,PALAU,spring,0.32236493880294725,0.5911759514654867,0.5903591066906448
PALAU summer,PALAU,summer,0.38974968597406334,0.9999999999,0.6327047502027253
PALAU autumn,PALAU,autumn,0.30507851255770835,0.7600253625567861,0.5036547140020113
PALAU winter,PALAU,winter,0.291475896047295,0.7666419627624451,0.4679322653001182
PALENCIA  OBSERVATORIO all,PALENCIA  OBSERVATORIO,all,0.7842147715848793,0.5541983240557171,0.35787949311853773
PALENCIA  OBSERVATORIO spring,PALENCIA  OBSERVATORIO,spring,0.6087900043179463,0.5359868666562172,0.35728925623907626
PALENCIA  OBSERVATORIO summer,PALENCIA  OBSERVATORIO,summer,0.7877169978101947,0.639408978213996,0.5362387096227136
PALENCIA  OBSERVATORIO autumn,PALENCIA  OBSERVATORIO,autumn,0.32427831176106314,0.5791771348514169,0.49927717509280156
PALENCIA  OBSERVATORIO winter,PALENCIA  OBSERVATORIO,winter,0.9859752938266451,0.4743075444450073,0.1619354188308806
PALERMO all,PALERMO,all,0.7593427641320258,0.5502457332915914,0.44722099924772124
PALERMO spring,PALERMO,spring,0.7868479753248421,0.5728256296376899,0.5694047666340353
PALERMO summer,PALERMO,summer,0.10908536366810306,0.9999995457013521,0.737132004953521
PALERMO autumn,PALERMO,autumn,0.7802669788633372,0.5185623191592559,0.5177443050674854
PALERMO winter,PALERMO,winter,0.7817909555754192,0.47095793164173455,0.4254686760888609
PALMA  PUERTO all,PALMA  PUERTO,all,0.2890644347801825,0.5490250909550515,0.5477986889011478
PALMA  PUERTO spring,PALMA  PUERTO,spring,0.41993676438081473,0.5623960908342667,0.5619610740649028
PALMA  PUERTO summer,PALMA  PUERTO,summer,0.5479917165036475,0.6772623695199655,0.6766290233342168
PALMA  PUERTO autumn,PALMA  PUERTO,autumn,0.4181737385785626,0.5213767708460366,0.5208364660943617
PALMA  PUERTO winter,PALMA  PUERTO,winter,0.27357444146838483,0.5371743397465345,0.5257009468168542
PAMIERS all,PAMIERS,all,0.5577336838149345,0.601951905358181,0.42112095734723165
PAMIERS spring,PAMIERS,spring,0.2736836043253551,0.4777790080772417,0.4748715034712384
PAMIERS summer,PAMIERS,summer,0.7857010390787735,0.6329168707554306,0.5363686831882869
PAMIERS autumn,PAMIERS,autumn,0.33810796973243507,0.697747976638397,0.4393204796795031
PAMIERS winter,PAMIERS,winter,0.44349302622332876,0.6218626578009985,0.389773318508405
PAMPLONA all,PAMPLONA,all,0.8891823229221847,0.4045805960566962,0.2820493029047029
PAMPLONA spring,PAMPLONA,spring,0.60512933538401,0.36459856228941767,0.3631238203332581
PAMPLONA summer,PAMPLONA,summer,0.7870819904575818,0.5229645989921957,0.521851828868227
PAMPLONA autumn,PAMPLONA,autumn,0.9811406883390469,0.3973973895278901,0.15052874381078424
PAMPLONA winter,PAMPLONA,winter,0.4113363203593967,0.3383124066098306,0.33744559638577415
PERPIGNAN all,PERPIGNAN,all,0.78533442783198,0.6728972831489556,0.554593121565717
PERPIGNAN spring,PERPIGNAN,spring,0.6126771700137084,0.6920714992412854,0.531256307311284
PERPIGNAN summer,PERPIGNAN,summer,0.6181906921712143,0.7445547869585467,0.744172933948963
PERPIGNAN autumn,PERPIGNAN,autumn,0.7531879496064382,0.6738466999554504,0.5068339432727615
PERPIGNAN winter,PERPIGNAN,winter,0.27323106497991,0.615164476885326,0.6144350033348086
PONFERRADA all,PONFERRADA,all,0.7605104828181499,0.3925700537424306,0.22965772909245843
PONFERRADA spring,PONFERRADA,spring,0.2739304815828155,0.3315646667017057,0.32506383955744045
PONFERRADA summer,PONFERRADA,summer,0.2736778642772641,0.4941782023697341,0.48392021653769934
PONFERRADA autumn,PONFERRADA,autumn,0.7816974300288395,0.36084908101816143,0.24644764075220224
PONFERRADA winter,PONFERRADA,winter,0.6711658777235843,0.36169483121018214,0.20220198967889197
PONTEVEDRA  INSTITUTO all,PONTEVEDRA  INSTITUTO,all,0.5518725611589922,0.5014405723353907,0.18989767622997422
PONTEVEDRA  INSTITUTO spring,PONTEVEDRA  INSTITUTO,spring,0.32788869271365984,0.5668013035104712,0.20348561043500135
PONTEVEDRA  INSTITUTO summer,PONTEVEDRA  INSTITUTO,summer,0.1996948020731791,0.9232224060612663,0.4605767959157744
PONTEVEDRA  INSTITUTO autumn,PONTEVEDRA  INSTITUTO,autumn,0.7618046702543676,0.37415051578370717,0.18076609461612086
PONTEVEDRA  INSTITUTO winter,PONTEVEDRA  INSTITUTO,winter,0.4746864978077624,0.44045385629989664,0.15822876436953104
PORT LYAUTEY all,PORT LYAUTEY,all,0.22661708035638062,0.7528468456859647,0.4210104018367436
PORT LYAUTEY spring,PORT LYAUTEY,spring,0.7597964500078197,0.605143328409378,0.3718819834247226
PORT LYAUTEY summer,PORT LYAUTEY,summer,0.18648377131403682,0.9536651527586284,0.6924567299461952
PORT LYAUTEY autumn,PORT LYAUTEY,autumn,0.1089034286369136,0.8930420894199028,0.4689604645061892
PORT LYAUTEY winter,PORT LYAUTEY,winter,0.07647651454532223,0.8229859896795342,0.3870330534841665
PORTO all,PORTO,all,0.5386901188142474,0.5627148075479917,0.24550426423634278
PORTO spring,PORTO,spring,0.4803623474076491,0.5713894417937818,0.2638347029089689
PORTO summer,PORTO,summer,0.8260311459459055,0.6672349363823198,0.40189808003573624
PORTO autumn,PORTO,autumn,0.40427272888216564,0.5766455985666542,0.2700405148850489
PORTO winter,PORTO,winter,0.4089765900883299,0.44705435344224204,0.22208646304907198
PRILEP all,PRILEP,all,0.7581906886771922,0.566461858854654,0.5647120103545592
PRILEP spring,PRILEP,spring,0.42034723634499427,0.5649029516947403,0.5638530802816026
PRILEP summer,PRILEP,summer,0.426463994276157,0.7101597366660878,0.6067142178467801
PRILEP autumn,PRILEP,autumn,0.41791464142851115,0.5278593058801055,0.5272214330683431
PRILEP winter,PRILEP,winter,0.41904945568463264,0.5467033118245863,0.5458329896323951
REUS AEROPUERTO all,REUS AEROPUERTO,all,0.7774079726808943,0.5787648365913999,0.5049701759495405
REUS AEROPUERTO spring,REUS AEROPUERTO,spring,0.21527803766817988,0.6874314663586811,0.5176234717019288
REUS AEROPUERTO summer,REUS AEROPUERTO,summer,0.37169936986201024,0.63821373509143,0.6365669275039613
REUS AEROPUERTO autumn,REUS AEROPUERTO,autumn,0.7853584255221042,0.5866794511554544,0.4293888221601686
REUS AEROPUERTO winter,REUS AEROPUERTO,winter,0.4189159531360606,0.5353858296809463,0.534817354036673
ROMA CIAMPINO all,ROMA CIAMPINO,all,0.4056952338475841,0.6364030300125801,0.4619623554735043
ROMA CIAMPINO spring,ROMA CIAMPINO,spring,0.27355194742178535,0.530824800701047,0.528230604221782
ROMA CIAMPINO summer,ROMA CIAMPINO,summer,0.18070378509477836,0.9999999908971456,0.6996223147903785
ROMA CIAMPINO autumn,ROMA CIAMPINO,autumn,0.2023116612903664,0.6774126194107183,0.4529513770340936
ROMA CIAMPINO winter,ROMA CIAMPINO,winter,0.7632181486551831,0.4667824246913211,0.4627702645270282
ROSIORI DE VEDE all,ROSIORI DE VEDE,all,0.7765596755978171,0.5861594403019899,0.5770100436290617
ROSIORI DE VEDE spring,ROSIORI DE VEDE,spring,0.7778170796559087,0.5671247214580983,0.5659815644614696
ROSIORI DE VEDE summer,ROSIORI DE VEDE,summer,0.6128825630774126,0.6845186768878742,0.5757100480743024
ROSIORI DE VEDE autumn,ROSIORI DE VEDE,autumn,0.7575763359587819,0.6057332331850177,0.465963106493864
ROSIORI DE VEDE winter,ROSIORI DE VEDE,winter,0.3915464153057845,0.5662336786102092,0.5651816256535489
ROTA BASE NAVAL all,ROTA BASE NAVAL,all,0.7363504225860374,0.5761092333499365,0.33333747233815303
ROTA BASE NAVAL spring,ROTA BASE NAVAL,spring,0.32184079625809403,0.5230475156367635,0.5130889584736608
ROTA BASE NAVAL summer,ROTA BASE NAVAL,summer,0.540795189365213,0.7392440889127622,0.7389966316715233
ROTA BASE NAVAL autumn,ROTA BASE NAVAL,autumn,0.2250020806139193,0.908772632771096,0.43567534031391747
ROTA BASE NAVAL winter,ROTA BASE NAVAL,winter,0.7846374133929886,0.5199908220571146,0.26770139482614574
SABADELL AEROPUERTO all,SABADELL AEROPUERTO,all,0.7295637530953858,0.6726263239639545,0.47828855769203243
SABADELL AEROPUERTO spring,SABADELL AEROPUERTO,spring,0.32513024552225145,0.6070618990148895,0.6045747609492857
SABADELL AEROPUERTO summer,SABADELL AEROPUERTO,summer,0.05427334618909796,0.9999999999,0.7052001622184159
SABADELL AEROPUERTO autumn,SABADELL AEROPUERTO,autumn,0.5143683393974203,0.7244196903168376,0.43403891095096125
SABADELL AEROPUERTO winter,SABADELL AEROPUERTO,winter,0.861298302861466,0.6163376575370737,0.4569302305694635
SALAMANCA AEROPUERTO all,SALAMANCA AEROPUERTO,all,0.9719917266025062,0.4610619842670796,0.19263436998963837
SALAMANCA AEROPUERTO spring,SALAMANCA AEROPUERTO,spring,0.9740644103579524,0.42776557517228486,0.1604162051423313
SALAMANCA AEROPUERTO summer,SALAMANCA AEROPUERTO,summer,0.28508349869139454,0.5964029419330211,0.5957471050674059
SALAMANCA AEROPUERTO autumn,SALAMANCA AEROPUERTO,autumn,0.9770778918575153,0.44582112825736286,0.20448690579079876
SALAMANCA AEROPUERTO winter,SALAMANCA AEROPUERTO,winter,0.9387129114827799,0.44689136039920957,0.2610052739213824
SANDANSKI all,SANDANSKI,all,0.6103746875506569,0.5686183232765992,0.5662720902080497
SANDANSKI spring,SANDANSKI,spring,0.27341025358551857,0.5729261583000037,0.572126585381005
SANDANSKI summer,SANDANSKI,summer,0.8689250283048792,0.6831663614422098,0.508660363958793
SANDANSKI autumn,SANDANSKI,autumn,0.7789225240638596,0.5456831981850553,0.5439158081410925
SANDANSKI winter,SANDANSKI,winter,0.2735798945841407,0.5186395524829874,0.5178215916178761
SANTANDER CIUDAD all,SANTANDER CIUDAD,all,0.881100916323352,0.37636471313844505,0.20432569333654632
SANTANDER CIUDAD spring,SANTANDER CIUDAD,spring,0.7639802882441434,0.3636921342452753,0.29732113974774
SANTANDER CIUDAD summer,SANTANDER CIUDAD,summer,0.3191892274335174,0.4405100170726888,0.43954068873407487
SANTANDER CIUDAD autumn,SANTANDER CIUDAD,autumn,0.8864855934718381,0.3355286691341829,0.21606501608778927
SANTANDER CIUDAD winter,SANTANDER CIUDAD,winter,0.7564295426859937,0.35543973086458835,0.18994181463998125
SANTILLANA DEL MAR  ALTAMIRA all,SANTILLANA DEL MAR  ALTAMIRA,all,0.6522664543174327,0.5606646513377018,0.2999534720252693
SANTILLANA DEL MAR  ALTAMIRA spring,SANTILLANA DEL MAR  ALTAMIRA,spring,0.10330000281243812,0.8601662257728342,0.4058877237211864
SANTILLANA DEL MAR  ALTAMIRA summer,SANTILLANA DEL MAR  ALTAMIRA,summer,0.27356240391991493,0.5255743851259388,0.5243476257872501
SANTILLANA DEL MAR  ALTAMIRA autumn,SANTILLANA DEL MAR  ALTAMIRA,autumn,0.6126993112243319,0.5503504766710432,0.2992942405280437
SANTILLANA DEL MAR  ALTAMIRA winter,SANTILLANA DEL MAR  ALTAMIRA,winter,0.4611502781551162,0.70602648009028,0.2635985995244191
SARAJEVO all,SARAJEVO,all,0.7872772340767025,0.4662063161756502,0.46392016613508125
SARAJEVO spring,SARAJEVO,spring,0.7824184207102491,0.45000598098645167,0.4489620795789372
SARAJEVO summer,SARAJEVO,summer,0.27542630295409926,0.58335644309427,0.47255406052593
SARAJEVO autumn,SARAJEVO,autumn,0.293101897729378,0.4621817538608391,0.46073556776148
SARAJEVO winter,SARAJEVO,winter,0.41558428722340834,0.4589624485441406,0.45760890486765093
SARIYER all,SARIYER,all,0.2737946569869099,0.4274451390477202,0.4207661538922891
SARIYER spring,SARIYER,spring,0.4060943200731467,0.4664028802616179,0.46593461469350017
SARIYER summer,SARIYER,summer,0.7625501776217977,0.5854195812066688,0.5851933788155008
SARIYER autumn,SARIYER,autumn,0.41390878855635843,0.42748190673039194,0.42733750152607086
SARIYER winter,SARIYER,winter,0.7875265394767924,0.344607398201665,0.3342005140222684
SFAX EL-MAOU all,SFAX EL-MAOU,all,0.7383813182879577,0.7144551370627672,0.7103470269860294
SFAX EL-MAOU spring,SFAX EL-MAOU,spring,0.6491934128148033,0.7858097611020521,0.785537662660755
SFAX EL-MAOU summer,SFAX EL-MAOU,summer,0.19662082046061968,0.9232330937311167,0.9230387095685404
SFAX EL-MAOU autumn,SFAX EL-MAOU,autumn,0.24218448516151322,0.8027608479949534,0.6208047701558166
SFAX EL-MAOU winter,SFAX EL-MAOU,winter,0.2783000222668617,0.6554531043934391,0.6550642388476244
SHABLA all,SHABLA,all,0.7570469218648295,0.5820618173126489,0.5810603147154493
SHABLA spring,SHABLA,spring,0.786801366390307,0.581765743077071,0.5812489244578425
SHABLA summer,SHABLA,summer,0.19002970154924778,0.8416315821963493,0.6251006430145908
SHABLA autumn,SHABLA,autumn,0.2736055680501936,0.508090132450582,0.5075971790451875
SHABLA winter,SHABLA,winter,0.7759299097550366,0.5944304557389612,0.5939166299638547
SHKODRA all,SHKODRA,all,0.5573260571830817,0.4606723075568372,0.35425964855596587
SHKODRA spring,SHKODRA,spring,0.2738036283124538,0.42632930100231964,0.4177951782403426
SHKODRA summer,SHKODRA,summer,0.11896708777887544,0.9999546052605889,0.5999195437246077
SHKODRA autumn,SHKODRA,autumn,0.6053022878894763,0.38217893025191646,0.3808389951466742
SHKODRA winter,SHKODRA,winter,0.7845983979812332,0.328431682805844,0.3279711387229586
SHUMEN all,SHUMEN,all,0.32207304458682207,0.5964157385378698,0.595647634990344
SHUMEN spring,SHUMEN,spring,0.39003705743336226,0.5688027592459174,0.5680276468842641
SHUMEN summer,SHUMEN,summer,0.3648300778213788,0.6214077897543168,0.6205538800550902
SHUMEN autumn,SHUMEN,autumn,0.27323016808227496,0.6157240124361347,0.6149234153443064
SHUMEN winter,SHUMEN,winter,0.7605863439422361,0.5877671552677208,0.5871899701425066
SIDI SLIMANE all,SIDI SLIMANE,all,0.3208959243046897,0.7524121180425168,0.4259623466067954
SIDI SLIMANE spring,SIDI SLIMANE,spring,0.3292361081771358,0.6201909376514095,0.4473427760354652
SIDI SLIMANE summer,SIDI SLIMANE,summer,0.6247618024785185,0.999999999362413,0.6001523887184677
SIDI SLIMANE autumn,SIDI SLIMANE,autumn,0.8951498722477816,0.54889043185451,0.3156922112376131
SIDI SLIMANE winter,SIDI SLIMANE,winter,0.24118408505395014,0.8880437634259168,0.40170379829903324
SIERRA DE ALFABIA  BUNYOLA all,SIERRA DE ALFABIA  BUNYOLA,all,0.7838498587492316,0.548110137097571,0.35451332159172294
SIERRA DE ALFABIA  BUNYOLA spring,SIERRA DE ALFABIA  BUNYOLA,spring,0.7806412233101874,0.5092024222339964,0.5085581490092705
SIERRA DE ALFABIA  BUNYOLA summer,SIERRA DE ALFABIA  BUNYOLA,summer,0.27693276676163986,0.7815772968764915,0.6247867705839106
SIERRA DE ALFABIA  BUNYOLA autumn,SIERRA DE ALFABIA  BUNYOLA,autumn,0.9400593785563572,0.4908400400427175,0.25034296800495703
SIERRA DE ALFABIA  BUNYOLA winter,SIERRA DE ALFABIA  BUNYOLA,winter,0.377257755936086,0.6606686246353329,0.3749155548285502
SILISTRA all,SILISTRA,all,0.2735097438766827,0.5451432308534143,0.5424470358543378
SILISTRA spring,SILISTRA,spring,0.2991461739587883,0.659329103191716,0.4662793458932136
SILISTRA summer,SILISTRA,summer,0.2733866100070771,0.5782651710798147,0.5779815653565813
SILISTRA autumn,SILISTRA,autumn,0.49363664609436453,0.6675655159473508,0.45555838290611356
SILISTRA winter,SILISTRA,winter,0.41910928826014643,0.551779901834515,0.5514924774586161
SLIVEN all,SLIVEN,all,0.8502169039488936,0.6033698030924733,0.4613779406599393
SLIVEN spring,SLIVEN,spring,0.7870209795582291,0.5375329612267269,0.5353287690187227
SLIVEN summer,SLIVEN,summer,0.8952114763848297,0.6525774812148402,0.5259494815907756
SLIVEN autumn,SLIVEN,autumn,0.7838181185076127,0.6582905755904088,0.4029958067223656
SLIVEN winter,SLIVEN,winter,0.321641313973681,0.5669779445611166,0.5649204852114774
SNEJANKA (TOP/SOMMET) all,SNEJANKA (TOP/SOMMET),all,0.7873499826215852,0.44135644346809677,0.44057549987299494
SNEJANKA (TOP/SOMMET) spring,SNEJANKA (TOP/SOMMET),spring,0.8792092084628408,0.4311858972178766,0.3065370949962623
SNEJANKA (TOP/SOMMET) summer,SNEJANKA (TOP/SOMMET),summer,0.9883556842604609,0.48079618225901577,0.14075376380630256
SNEJANKA (TOP/SOMMET) autumn,SNEJANKA (TOP/SOMMET),autumn,0.29099148426415666,0.48216479042875926,0.4820047113761324
SNEJANKA (TOP/SOMMET) winter,SNEJANKA (TOP/SOMMET),winter,0.6064088481066524,0.4281423547535176,0.42800424785092844
SORIA all,SORIA,all,0.910097049777896,0.4463972108122554,0.2639434881140961
SORIA spring,SORIA,spring,0.8888536051372983,0.4097010228470174,0.25333015899949113
SORIA summer,SORIA,summer,0.2897579826454431,0.6106909237587658,0.5370025201017138
SORIA autumn,SORIA,autumn,0.8801110528712656,0.44671011053063453,0.31047735594312664
SORIA winter,SORIA,winter,0.2738658108638038,0.3839382114167737,0.37642652067613985
SOTILLO DE LA ADRADA all,SOTILLO DE LA ADRADA,all,0.7192403932572341,0.5114819148461883,0.28892433369608206
SOTILLO DE LA ADRADA spring,SOTILLO DE LA ADRADA,spring,0.26245763791268806,0.6899243004362743,0.36231910906791526
SOTILLO DE LA ADRADA summer,SOTILLO DE LA ADRADA,summer,0.9661721086836029,0.6406489243618377,0.29072302651208703
SOTILLO DE LA ADRADA autumn,SOTILLO DE LA ADRADA,autumn,0.9424193534544535,0.44172608185385986,0.20937048168253045
SOTILLO DE LA ADRADA winter,SOTILLO DE LA ADRADA,winter,0.821042856461955,0.4373821223785002,0.22966912006907667
SPLIT MARJAN all,SPLIT MARJAN,all,0.7857141190816518,0.5482116285460428,0.41934713121084094
SPLIT MARJAN spring,SPLIT MARJAN,spring,0.27355225829532376,0.5286975180965486,0.5278343280316103
SPLIT MARJAN summer,SPLIT MARJAN,summer,0.7860473816359278,0.6715249000762639,0.6686068578460923
SPLIT MARJAN autumn,SPLIT MARJAN,autumn,0.9625650423582449,0.5007504999818897,0.25961742756399175
SPLIT MARJAN winter,SPLIT MARJAN,winter,0.7607311402420454,0.45097028407464185,0.44858322231976455
ST-GIRONS all,ST-GIRONS,all,0.7859367596671045,0.4886397129986292,0.36493161044295197
ST-GIRONS spring,ST-GIRONS,spring,0.29368090810091974,0.4070491065013223,0.40577972356762615
ST-GIRONS summer,ST-GIRONS,summer,0.4190198350122309,0.5441947933858536,0.5438096876254255
ST-GIRONS autumn,ST-GIRONS,autumn,0.5563248381539614,0.5476333523871529,0.4066161363207073
ST-GIRONS winter,ST-GIRONS,winter,0.7601690240005506,0.473024560423631,0.3022292501169638
SVICHTOV all,SVICHTOV,all,0.7871295930830662,0.5089056797986923,0.5040237107735104
SVICHTOV spring,SVICHTOV,spring,0.7812603489744594,0.48849124567451524,0.48408596431078516
SVICHTOV summer,SVICHTOV,summer,0.3155014813489624,0.547364992868526,0.5467923060171508
SVICHTOV autumn,SVICHTOV,autumn,0.21438100226504214,0.6692993179691977,0.460209305336013
SVICHTOV winter,SVICHTOV,winter,0.7806008819974515,0.5094261462155919,0.5021532673812734
SVILENGRAD all,SVILENGRAD,all,0.7870493494282237,0.5315554749312745,0.5311474417314599
SVILENGRAD spring,SVILENGRAD,spring,0.2905145975120876,0.5025328081892773,0.5021663090176278
SVILENGRAD summer,SVILENGRAD,summer,0.763153158590365,0.6164287177175714,0.6157973773024811
SVILENGRAD autumn,SVILENGRAD,autumn,0.3165149713282548,0.513395718434351,0.5130478356271261
SVILENGRAD winter,SVILENGRAD,winter,0.2894287195397887,0.523506815377761,0.523306534785945
TARBES - OSSUN all,TARBES - OSSUN,all,0.8300602570096425,0.471892488444844,0.3222603206245851
TARBES - OSSUN spring,TARBES - OSSUN,spring,0.7874659057769331,0.39145274246030587,0.39015170547104794
TARBES - OSSUN summer,TARBES - OSSUN,summer,0.6092585105821735,0.5301149025944136,0.5291180226570664
TARBES - OSSUN autumn,TARBES - OSSUN,autumn,0.5569378157560323,0.5044754791579446,0.39420655052268505
TARBES - OSSUN winter,TARBES - OSSUN,winter,0.7241988021596197,0.4762628983358693,0.28429593308183565
TARIFA all,TARIFA,all,0.7843616889021517,0.4512077317629886,0.28685920912097396
TARIFA spring,TARIFA,spring,0.2738157837841504,0.4078450038176322,0.40416572495529585
TARIFA summer,TARIFA,summer,0.2775520653453351,0.9999941449402634,0.5555462942629363
TARIFA autumn,TARIFA,autumn,0.28746767211826263,0.5065926449893372,0.41268809966911313
TARIFA winter,TARIFA,winter,0.4321544920148433,0.5023542117510496,0.2954084932275473
TATOI all,TATOI,all,0.7493043941976402,0.607851214066146,0.6038280865289501
TATOI spring,TATOI,spring,0.7861651740172814,0.661704629119445,0.6603631807117792
TATOI summer,TATOI,summer,0.1270631574911636,0.9999999999,0.7138036995644439
TATOI autumn,TATOI,autumn,0.7868309969407805,0.5769876851398307,0.5766847258752517
TATOI winter,TATOI,winter,0.13521431601357783,0.9994097891052502,0.5326441783637709
TAVIRA all,TAVIRA,all,0.747524445570724,0.5770772725101304,0.32640689539127976
TAVIRA spring,TAVIRA,spring,0.2749142144831423,0.6243911815109912,0.5040067556360193
TAVIRA summer,TAVIRA,summer,0.051741967097674535,0.9999999999,0.7399066956039304
TAVIRA autumn,TAVIRA,autumn,0.2853681960804214,0.7856199722084247,0.397427505406273
TAVIRA winter,TAVIRA,winter,0.7831932606782561,0.5247021053643649,0.2743747824006615
TEKIRDAG all,TEKIRDAG,all,0.32179282225130623,0.5681312297628035,0.56608169653632
TEKIRDAG spring,TEKIRDAG,spring,0.2734335613206593,0.5672552805912214,0.5659071920215359
TEKIRDAG summer,TEKIRDAG,summer,0.33929829784771737,0.9999999999,0.6255994038186428
TEKIRDAG autumn,TEKIRDAG,autumn,0.7784586764367385,0.5572393556822287,0.5565978963097975
TEKIRDAG winter,TEKIRDAG,winter,0.7803946267202393,0.5164850060888659,0.515886783168232
TETUAN all,TETUAN,all,0.1949553435506112,0.8576705148887545,0.4483645533820521
TETUAN spring,TETUAN,spring,0.7622634984193101,0.4781817865014043,0.4773652853084805
TETUAN summer,TETUAN,summer,0.6199144859264084,0.7779241888343359,0.7775391014736082
TETUAN autumn,TETUAN,autumn,0.6637999898389446,0.7055085514721987,0.43265245322504375
TETUAN winter,TETUAN,winter,0.1761683658220255,0.9999939031575826,0.38626414570207296
TIRANA all,TIRANA,all,0.8030054431954068,0.49163180965826087,0.31681288638586697
TIRANA spring,TIRANA,spring,0.29305959758217026,0.455712669840092,0.4521137274880838
TIRANA summer,TIRANA,summer,0.9736650554615583,0.6326493061002189,0.3039570226317676
TIRANA autumn,TIRANA,autumn,0.7059369564983262,0.49091779070729197,0.31441874890743177
TIRANA winter,TIRANA,winter,0.8430687534182258,0.39804068791221575,0.30928027345531617
TOLEDO  LORENZANA all,TOLEDO  LORENZANA,all,0.7880474280226861,0.49606992125909244,0.3995886491904207
TOLEDO  LORENZANA spring,TOLEDO  LORENZANA,spring,0.27375705113739196,0.45382291471220515,0.4445992328859889
TOLEDO  LORENZANA summer,TOLEDO  LORENZANA,summer,0.5517451705548515,0.6175317787606613,0.617078517407966
TOLEDO  LORENZANA autumn,TOLEDO  LORENZANA,autumn,0.27363388731916316,0.49722640038197735,0.496486498388832
TOLEDO  LORENZANA winter,TOLEDO  LORENZANA,winter,0.9636179204990749,0.4444261559522086,0.2404160100126624
TORREJON DE ARDOZ all,TORREJON DE ARDOZ,all,0.9437590191312678,0.5128219549916501,0.29793142095761616
TORREJON DE ARDOZ spring,TORREJON DE ARDOZ,spring,0.7817802779396246,0.47482044974901333,0.47389067808299024
TORREJON DE ARDOZ summer,TORREJON DE ARDOZ,summer,0.9756059500979016,0.6486661222086879,0.2712225763495805
TORREJON DE ARDOZ autumn,TORREJON DE ARDOZ,autumn,0.9466553886624218,0.5005157400293859,0.31938953317043595
TORREJON DE ARDOZ winter,TORREJON DE ARDOZ,winter,0.8680862859218046,0.5126034398888486,0.2856617401227955
TORREVIEJA all,TORREVIEJA,all,0.7857510768257968,0.7049540632039494,0.651514864348279
TORREVIEJA spring,TORREVIEJA,spring,0.8575139702372105,0.7116281675634257,0.5218175235277892
TORREVIEJA summer,TORREVIEJA,summer,0.6241637606282837,0.8379030456461968,0.8360597142803833
TORREVIEJA autumn,TORREVIEJA,autumn,0.3479213251780836,0.6761332924144549,0.6756209040295263
TORREVIEJA winter,TORREVIEJA,winter,0.7856372135435898,0.697882040512412,0.6527615510453333
TOULOUSE-BLAGNAC all,TOULOUSE-BLAGNAC,all,0.7576759005987197,0.5641310605702684,0.38398563760429216
TOULOUSE-BLAGNAC spring,TOULOUSE-BLAGNAC,spring,0.3213971988958332,0.48500046392032126,0.481725584142994
TOULOUSE-BLAGNAC summer,TOULOUSE-BLAGNAC,summer,0.7769742140448219,0.6133184848221418,0.5568300569181099
TOULOUSE-BLAGNAC autumn,TOULOUSE-BLAGNAC,autumn,0.444613199232478,0.7263283934644282,0.40424812746023653
TOULOUSE-BLAGNAC winter,TOULOUSE-BLAGNAC,winter,0.16768314793905711,0.7246347387670272,0.4367123105506311
TUNIS-CARTHAGE all,TUNIS-CARTHAGE,all,0.7877137308139646,0.5592035853573321,0.4998518762954593
TUNIS-CARTHAGE spring,TUNIS-CARTHAGE,spring,0.39913497503388107,0.5494987683044797,0.5487017788740275
TUNIS-CARTHAGE summer,TUNIS-CARTHAGE,summer,0.35208566031428556,0.9999999999,0.6664149078739392
TUNIS-CARTHAGE autumn,TUNIS-CARTHAGE,autumn,0.7554389731723614,0.5934411727211966,0.5928702078726724
TUNIS-CARTHAGE winter,TUNIS-CARTHAGE,winter,0.29280702719139695,0.4791937060893365,0.4764818640059712
TURNU MAGURELE all,TURNU MAGURELE,all,0.7863673670429642,0.6067075379032324,0.4874710006081875
TURNU MAGURELE spring,TURNU MAGURELE,spring,0.7886883447126949,0.5602963290780542,0.4792771662156349
TURNU MAGURELE summer,TURNU MAGURELE,summer,0.7680700159538982,0.6533261453021644,0.6469343009558806
TURNU MAGURELE autumn,TURNU MAGURELE,autumn,0.7936339482132949,0.6128866585155064,0.4517865726323922
TURNU MAGURELE winter,TURNU MAGURELE,winter,0.7869237657624947,0.5560066266805306,0.5467201871786905
USAK all,USAK,all,0.2735906742607108,0.5149360372459189,0.5139960403788111
USAK spring,USAK,spring,0.5552641498645599,0.5184143996138721,0.5179354512878613
USAK summer,USAK,summer,0.5495954828434073,0.67021856773624,0.6682681364006157
USAK autumn,USAK,autumn,0.7870254102421028,0.5371760385720802,0.5367316794270456
USAK winter,USAK,winter,0.7824905517568039,0.45116360396260785,0.45065685248167553
VALENCIA all,VALENCIA,all,0.7626330061191805,0.5381531944142703,0.537244831917428
VALENCIA spring,VALENCIA,spring,0.7799782489801373,0.526871445124455,0.5263293306363981
VALENCIA summer,VALENCIA,summer,0.365609933625898,0.6500126691988344,0.6497517097304488
VALENCIA autumn,VALENCIA,autumn,0.3196183315345704,0.5155610059118468,0.5150287554485492
VALENCIA winter,VALENCIA,winter,0.7606501372813995,0.5127618856124637,0.5108471343749893
VALLE DE HECHO  HECHO all,VALLE DE HECHO  HECHO,all,0.6729480022350484,0.546843293623752,0.32561080093386
VALLE DE HECHO  HECHO spring,VALLE DE HECHO  HECHO,spring,0.07671283596488387,0.8118027676388184,0.4071090862170705
VALLE DE HECHO  HECHO summer,VALLE DE HECHO  HECHO,summer,0.7862679624232382,0.6473770231824588,0.6231173871132553
VALLE DE HECHO  HECHO autumn,VALLE DE HECHO  HECHO,autumn,0.7827492257168723,0.43298699423638426,0.4243613407628533
VALLE DE HECHO  HECHO winter,VALLE DE HECHO  HECHO,winter,0.7303794694757586,0.47408415997348197,0.23975924665157772
VANDELLOS all,VANDELLOS,all,0.27325699336676673,0.6268859067232515,0.6125916525705037
VANDELLOS spring,VANDELLOS,spring,0.12987791123888848,0.9999193363696918,0.583296040770544
VANDELLOS summer,VANDELLOS,summer,0.5460189790946295,0.70306137606036,0.7025523327894264
VANDELLOS autumn,VANDELLOS,autumn,0.28737618714794855,0.6344854837422687,0.5659912734557792
VANDELLOS winter,VANDELLOS,winter,0.2733496142866795,0.5883230179149067,0.5877710773978012
VIDIN all,VIDIN,all,0.7869284838351362,0.5534102276137044,0.5423334210760329
VIDIN spring,VIDIN,spring,0.27351954323311445,0.5402947426964091,0.5391142427387581
VIDIN summer,VIDIN,summer,0.752735278863319,0.6929795257142239,0.490476867210973
VIDIN autumn,VIDIN,autumn,0.7791879567783727,0.5399310296208761,0.5349681390289229
VIDIN winter,VIDIN,winter,0.7871215087021577,0.512543690309851,0.5114369702428482
VIGNA DI VALLE all,VIGNA DI VALLE,all,0.7653480324391119,0.6637984526398796,0.6623471483183968
VIGNA DI VALLE spring,VIGNA DI VALLE,spring,0.7359833019077362,0.7159215412032544,0.7156392672560751
VIGNA DI VALLE summer,VIGNA DI VALLE,summer,0.08758598675158102,0.8729774124318909,0.8727032684348522
VIGNA DI VALLE autumn,VIGNA DI VALLE,autumn,0.7866473848916602,0.6063902145960031,0.605963917165195
VIGNA DI VALLE winter,VIGNA DI VALLE,winter,0.7865198925471599,0.6224940009249832,0.6202608334267111
VIMIANZO all,VIMIANZO,all,0.6639998559887746,0.41875293412326264,0.15862900674661512
VIMIANZO spring,VIMIANZO,spring,0.7486829775735899,0.35016293517278174,0.14610636449486256
VIMIANZO summer,VIMIANZO,summer,0.8693899645899713,0.49028036958113796,0.3098294745649274
VIMIANZO autumn,VIMIANZO,autumn,0.5651106092009252,0.3977007907874346,0.1542507786669666
VIMIANZO winter,VIMIANZO,winter,0.37883371527933785,0.44359214925037715,0.16334322703786863
VITORIA AERODROMO all,VITORIA AERODROMO,all,0.5579001278138842,0.42016456587020923,0.32713174906995857
VITORIA AERODROMO spring,VITORIA AERODROMO,spring,0.7842999965564612,0.3502819688630545,0.34965341553634816
VITORIA AERODROMO summer,VITORIA AERODROMO,summer,0.7641454272891552,0.5099120663249236,0.508545276655616
VITORIA AERODROMO autumn,VITORIA AERODROMO,autumn,0.2594860712738634,0.47879877148183564,0.3489149754368337
VITORIA AERODROMO winter,VITORIA AERODROMO,winter,0.2764481555006215,0.38912522856148735,0.3030783140096915
VLORE all,VLORE,all,0.5561736038286064,0.5516322694252037,0.43969227078375506
VLORE spring,VLORE,spring,0.779076809276738,0.5435691747587643,0.5413897130230322
VLORE summer,VLORE,summer,0.5434946629598523,0.7295605243400194,0.7289501708263374
VLORE autumn,VLORE,autumn,0.7816606982518153,0.4801826471500952,0.4317160996796624
VLORE winter,VLORE,winter,0.2737808737724887,0.4241633687166757,0.4232679849390609
VRATZA all,VRATZA,all,0.5551698304849183,0.5072974833045761,0.5053936646718292
VRATZA spring,VRATZA,spring,0.4167807802584957,0.4781550492701578,0.4767011014300793
VRATZA summer,VRATZA,summer,0.27359163242428736,0.5306809470269992,0.5193664706642148
VRATZA autumn,VRATZA,autumn,0.787195270960358,0.49154053888372856,0.4902350186284392
VRATZA winter,VRATZA,winter,0.5542253361080732,0.5405321633107191,0.5396666246852845
WHEELUS all,WHEELUS,all,0.984234642486384,0.5473025821578453,0.23513775466754935
WHEELUS spring,WHEELUS,spring,0.2780720891459594,0.6457318106956399,0.6452585361211677
WHEELUS summer,WHEELUS,summer,0.8409869247478187,0.9999999999,0.9999999999
WHEELUS autumn,WHEELUS,autumn,0.9835022634740392,0.5436454511628376,0.19630315571576593
WHEELUS winter,WHEELUS,winter,0.2736612367253646,0.4862834610857354,0.4849763178104897
ZADAR all,ZADAR,all,0.28934829342099405,0.5473117106019,0.49662313203769515
ZADAR spring,ZADAR,spring,0.3943345378578941,0.5344947639930485,0.5331132624151083
ZADAR summer,ZADAR,summer,0.2795435363109362,0.6434447004490981,0.6428598801606432
ZADAR autumn,ZADAR,autumn,0.7609749259258993,0.467506028885061,0.46526710263427773
ZADAR winter,ZADAR,winter,0.7821587658452669,0.45989418958718464,0.45813747444794767
ZAMORA all,ZAMORA,all,0.9049261543414849,0.4757035304804835,0.2830225479223437
ZAMORA spring,ZAMORA,spring,0.8427129884647011,0.43720317129410224,0.33134566437584384
ZAMORA summer,ZAMORA,summer,0.27331641963546105,0.6135647590949092,0.5997291175159798
ZAMORA autumn,ZAMORA,autumn,0.9886523842993147,0.4601104937937265,0.14697528009535646
ZAMORA winter,ZAMORA,winter,0.6072866432161361,0.4810900181996692,0.34143463853478445
ZARAGOZA AEROPUERTO all,ZARAGOZA AEROPUERTO,all,0.7630895432560593,0.5329120421583365,0.5322857455724264
ZARAGOZA AEROPUERTO spring,ZARAGOZA AEROPUERTO,spring,0.6082772037007074,0.4962466517129296,0.4957291919479947
ZARAGOZA AEROPUERTO summer,ZARAGOZA AEROPUERTO,summer,0.611902368311691,0.6090315660484102,0.6080458909057237
ZARAGOZA AEROPUERTO autumn,ZARAGOZA AEROPUERTO,autumn,0.3968332686993823,0.5301382932976142,0.5298722522506906
ZARAGOZA AEROPUERTO winter,ZARAGOZA AEROPUERTO,winter,0.28966487082896686,0.5286298135968169,0.5280696645975635
ZAVIZAN all,ZAVIZAN,all,0.8746499018863727,0.4133931355313906,0.2543045579489256
ZAVIZAN spring,ZAVIZAN,spring,0.7639298597438114,0.3811339344098073,0.3803660523472227
ZAVIZAN summer,ZAVIZAN,summer,0.7802549397445997,0.5177966629588193,0.5153704416988265
ZAVIZAN autumn,ZAVIZAN,autumn,0.9504068980653778,0.3693286538711295,0.1619427454533617
ZAVIZAN winter,ZAVIZAN,winter,0.27880175569343013,0.4414570925560516,0.3060353416996421
